-- MySQL dump 10.13  Distrib 5.7.26, for Linux (x86_64)
--
-- Host: localhost    Database: balises
-- ------------------------------------------------------
-- Server version	5.7.26-0ubuntu0.18.04.1

/*!40101 SET @OLD_CHARACTER_SET_CLIENT=@@CHARACTER_SET_CLIENT */;
/*!40101 SET @OLD_CHARACTER_SET_RESULTS=@@CHARACTER_SET_RESULTS */;
/*!40101 SET @OLD_COLLATION_CONNECTION=@@COLLATION_CONNECTION */;
/*!40101 SET NAMES utf8 */;
/*!40103 SET @OLD_TIME_ZONE=@@TIME_ZONE */;
/*!40103 SET TIME_ZONE='+00:00' */;
/*!40014 SET @OLD_UNIQUE_CHECKS=@@UNIQUE_CHECKS, UNIQUE_CHECKS=0 */;
/*!40014 SET @OLD_FOREIGN_KEY_CHECKS=@@FOREIGN_KEY_CHECKS, FOREIGN_KEY_CHECKS=0 */;
/*!40101 SET @OLD_SQL_MODE=@@SQL_MODE, SQL_MODE='NO_AUTO_VALUE_ON_ZERO' */;
/*!40111 SET @OLD_SQL_NOTES=@@SQL_NOTES, SQL_NOTES=0 */;

--
-- Table structure for table `migration_versions`
--

DROP TABLE IF EXISTS `migration_versions`;
/*!40101 SET @saved_cs_client     = @@character_set_client */;
/*!40101 SET character_set_client = utf8 */;
CREATE TABLE `migration_versions` (
  `version` varchar(14) COLLATE utf8mb4_unicode_ci NOT NULL,
  `executed_at` datetime NOT NULL COMMENT '(DC2Type:datetime_immutable)',
  PRIMARY KEY (`version`)
) ENGINE=InnoDB DEFAULT CHARSET=utf8mb4 COLLATE=utf8mb4_unicode_ci;
/*!40101 SET character_set_client = @saved_cs_client */;

--
-- Dumping data for table `migration_versions`
--

LOCK TABLES `migration_versions` WRITE;
/*!40000 ALTER TABLE `migration_versions` DISABLE KEYS */;
INSERT INTO `migration_versions` VALUES ('20190606185149','2019-06-07 07:23:36'),('20190613072414','2019-06-13 07:24:22'),('20190613154414','2019-06-14 08:10:53');
/*!40000 ALTER TABLE `migration_versions` ENABLE KEYS */;
UNLOCK TABLES;

--
-- Table structure for table `param`
--

DROP TABLE IF EXISTS `param`;
/*!40101 SET @saved_cs_client     = @@character_set_client */;
/*!40101 SET character_set_client = utf8 */;
CREATE TABLE `param` (
  `id` int(11) NOT NULL AUTO_INCREMENT,
  `resale_coeff` double NOT NULL,
  `redistributed_coeff` double NOT NULL,
  PRIMARY KEY (`id`)
) ENGINE=InnoDB DEFAULT CHARSET=utf8mb4 COLLATE=utf8mb4_unicode_ci;
/*!40101 SET character_set_client = @saved_cs_client */;

--
-- Dumping data for table `param`
--

LOCK TABLES `param` WRITE;
/*!40000 ALTER TABLE `param` DISABLE KEYS */;
/*!40000 ALTER TABLE `param` ENABLE KEYS */;
UNLOCK TABLES;

--
-- Table structure for table `show_date`
--

DROP TABLE IF EXISTS `show_date`;
/*!40101 SET @saved_cs_client     = @@character_set_client */;
/*!40101 SET character_set_client = utf8 */;
CREATE TABLE `show_date` (
  `id` int(11) NOT NULL AUTO_INCREMENT,
  `show_id_id` int(11) DEFAULT NULL,
  `date_show` datetime NOT NULL,
  PRIMARY KEY (`id`),
  KEY `IDX_7669E1B97DF5FA8B` (`show_id_id`),
  CONSTRAINT `FK_7669E1B97DF5FA8B` FOREIGN KEY (`show_id_id`) REFERENCES `spectacle` (`id`)
) ENGINE=InnoDB AUTO_INCREMENT=201 DEFAULT CHARSET=utf8mb4 COLLATE=utf8mb4_unicode_ci;
/*!40101 SET character_set_client = @saved_cs_client */;

--
-- Dumping data for table `show_date`
--

LOCK TABLES `show_date` WRITE;
/*!40000 ALTER TABLE `show_date` DISABLE KEYS */;
INSERT INTO `show_date` VALUES (1,1,'2019-07-18 02:38:03'),(2,2,'2019-08-08 01:24:11'),(3,3,'2019-09-01 16:11:47'),(4,4,'2019-06-16 22:19:20'),(5,5,'2019-06-24 18:24:23'),(6,6,'2019-06-15 15:31:09'),(7,7,'2019-07-21 18:02:00'),(8,8,'2019-07-19 09:50:32'),(9,9,'2019-07-16 09:53:48'),(10,10,'2019-06-22 12:26:37'),(11,11,'2019-07-02 06:10:35'),(12,12,'2019-08-25 21:22:06'),(13,13,'2019-08-19 06:27:41'),(14,14,'2019-07-29 13:46:42'),(15,15,'2019-06-11 14:40:56'),(16,16,'2019-07-09 08:00:45'),(17,17,'2019-08-31 06:18:46'),(18,18,'2019-07-03 01:15:52'),(19,19,'2019-08-27 21:35:03'),(20,20,'2019-08-01 19:23:59'),(21,21,'2019-06-29 19:01:46'),(22,22,'2019-07-21 11:03:19'),(23,23,'2019-08-03 23:13:54'),(24,24,'2019-07-25 03:19:51'),(25,25,'2019-06-26 20:37:18'),(26,26,'2019-07-14 02:22:37'),(27,27,'2019-07-14 14:17:32'),(28,28,'2019-07-27 00:48:01'),(29,29,'2019-07-31 18:14:25'),(30,30,'2019-06-14 16:12:32'),(31,31,'2019-07-07 17:26:59'),(32,32,'2019-07-06 02:27:47'),(33,33,'2019-08-04 04:20:06'),(34,34,'2019-07-25 06:58:36'),(35,35,'2019-06-15 19:13:26'),(36,36,'2019-07-14 00:42:42'),(37,37,'2019-07-28 23:12:55'),(38,38,'2019-08-19 06:39:31'),(39,39,'2019-07-27 17:11:04'),(40,40,'2019-08-19 12:18:03'),(41,41,'2019-07-22 00:52:13'),(42,42,'2019-07-30 19:07:18'),(43,43,'2019-08-06 09:38:07'),(44,44,'2019-07-16 22:49:17'),(45,45,'2019-06-28 15:32:53'),(46,46,'2019-07-11 21:30:49'),(47,47,'2019-06-28 06:53:27'),(48,48,'2019-06-18 01:58:13'),(49,49,'2019-08-10 03:17:25'),(50,50,'2019-06-16 16:49:18'),(51,51,'2019-07-08 18:34:08'),(52,52,'2019-08-29 12:18:34'),(53,53,'2019-07-25 02:59:58'),(54,54,'2019-06-27 08:25:20'),(55,55,'2019-08-04 17:14:37'),(56,56,'2019-08-08 19:36:39'),(57,57,'2019-09-06 04:25:01'),(58,58,'2019-08-31 04:55:03'),(59,59,'2019-07-31 03:09:54'),(60,60,'2019-08-01 09:49:33'),(61,61,'2019-07-12 17:12:01'),(62,62,'2019-08-29 10:04:21'),(63,63,'2019-06-11 18:16:54'),(64,64,'2019-07-09 17:23:35'),(65,65,'2019-08-17 23:27:25'),(66,66,'2019-08-20 00:28:06'),(67,67,'2019-06-08 01:58:09'),(68,68,'2019-07-24 23:01:53'),(69,69,'2019-08-24 06:30:27'),(70,70,'2019-07-03 03:14:13'),(71,71,'2019-06-20 16:16:11'),(72,72,'2019-08-15 07:08:37'),(73,73,'2019-08-05 12:06:04'),(74,74,'2019-07-08 15:15:43'),(75,75,'2019-07-27 14:05:07'),(76,76,'2019-07-28 00:05:08'),(77,77,'2019-06-12 21:02:42'),(78,78,'2019-08-08 15:31:42'),(79,79,'2019-09-05 09:07:43'),(80,80,'2019-07-12 08:10:47'),(81,81,'2019-07-11 06:35:46'),(82,82,'2019-08-04 16:26:14'),(83,83,'2019-07-12 01:29:22'),(84,84,'2019-08-30 15:55:59'),(85,85,'2019-08-09 20:57:49'),(86,86,'2019-09-06 14:51:35'),(87,87,'2019-07-13 23:48:23'),(88,88,'2019-08-23 16:50:42'),(89,89,'2019-07-17 18:48:48'),(90,90,'2019-07-31 01:40:47'),(91,91,'2019-07-02 18:27:00'),(92,92,'2019-08-28 04:58:16'),(93,93,'2019-06-29 15:21:11'),(94,94,'2019-08-24 03:56:25'),(95,95,'2019-07-24 04:56:20'),(96,96,'2019-08-31 23:25:16'),(97,97,'2019-07-12 07:43:23'),(98,98,'2019-08-02 02:35:40'),(99,99,'2019-08-08 01:05:11'),(100,100,'2019-08-25 08:54:47'),(101,101,'2019-07-02 14:42:35'),(102,102,'2019-08-07 20:23:19'),(103,103,'2019-09-03 11:51:25'),(104,104,'2019-07-10 07:36:56'),(105,105,'2019-07-28 07:16:11'),(106,106,'2019-07-25 06:54:17'),(107,107,'2019-07-07 22:03:44'),(108,108,'2019-07-08 17:50:33'),(109,109,'2019-09-01 10:55:31'),(110,110,'2019-08-20 18:35:05'),(111,111,'2019-07-30 16:37:11'),(112,112,'2019-08-13 23:15:40'),(113,113,'2019-06-20 13:31:44'),(114,114,'2019-08-30 20:52:45'),(115,115,'2019-08-21 00:44:38'),(116,116,'2019-07-14 13:00:18'),(117,117,'2019-07-19 09:13:09'),(118,118,'2019-08-21 20:43:00'),(119,119,'2019-07-26 15:15:27'),(120,120,'2019-08-29 12:01:26'),(121,121,'2019-08-18 21:18:42'),(122,122,'2019-07-21 13:35:48'),(123,123,'2019-06-27 12:18:23'),(124,124,'2019-07-07 13:06:57'),(125,125,'2019-07-12 03:25:49'),(126,126,'2019-08-14 12:51:48'),(127,127,'2019-09-04 12:17:28'),(128,128,'2019-07-05 23:49:42'),(129,129,'2019-07-17 16:13:52'),(130,130,'2019-07-02 01:23:07'),(131,131,'2019-08-29 01:28:59'),(132,132,'2019-08-18 10:48:58'),(133,133,'2019-07-28 02:19:25'),(134,134,'2019-06-23 12:16:28'),(135,135,'2019-07-19 08:52:48'),(136,136,'2019-07-21 17:00:00'),(137,137,'2019-08-09 23:56:42'),(138,138,'2019-06-08 01:47:06'),(139,139,'2019-08-22 23:26:03'),(140,140,'2019-08-15 01:17:03'),(141,141,'2019-07-01 10:50:59'),(142,142,'2019-08-08 19:38:55'),(143,143,'2019-08-15 18:22:54'),(144,144,'2019-08-21 08:24:44'),(145,145,'2019-07-30 13:59:37'),(146,146,'2019-07-22 07:59:37'),(147,147,'2019-06-18 04:34:09'),(148,148,'2019-06-27 20:05:18'),(149,149,'2019-09-01 10:08:43'),(150,150,'2019-08-19 17:01:39'),(151,151,'2019-09-01 13:58:35'),(152,152,'2019-07-31 12:19:38'),(153,153,'2019-07-04 13:37:28'),(154,154,'2019-06-26 08:38:57'),(155,155,'2019-07-26 13:06:24'),(156,156,'2019-06-15 01:44:21'),(157,157,'2019-06-15 06:06:49'),(158,158,'2019-06-12 08:16:14'),(159,159,'2019-07-26 18:28:49'),(160,160,'2019-06-11 03:34:59'),(161,161,'2019-08-19 05:47:54'),(162,162,'2019-08-04 16:45:34'),(163,163,'2019-07-24 03:22:13'),(164,164,'2019-08-19 16:03:45'),(165,165,'2019-06-27 23:51:27'),(166,166,'2019-08-22 05:23:32'),(167,167,'2019-08-07 01:46:53'),(168,168,'2019-08-06 20:00:34'),(169,169,'2019-08-05 16:54:45'),(170,170,'2019-08-12 06:16:52'),(171,171,'2019-06-16 23:22:25'),(172,172,'2019-08-25 11:44:53'),(173,173,'2019-08-18 00:43:59'),(174,174,'2019-06-13 07:58:50'),(175,175,'2019-07-29 08:46:17'),(176,176,'2019-09-06 07:47:41'),(177,177,'2019-08-18 21:54:57'),(178,178,'2019-06-21 23:10:05'),(179,179,'2019-06-29 07:16:10'),(180,180,'2019-07-31 04:09:36'),(181,181,'2019-06-14 07:33:47'),(182,182,'2019-09-02 19:10:21'),(183,183,'2019-07-01 21:15:08'),(184,184,'2019-08-20 10:05:20'),(185,185,'2019-08-11 17:47:01'),(186,186,'2019-07-10 06:54:49'),(187,187,'2019-07-27 22:28:18'),(188,188,'2019-08-14 10:08:00'),(189,189,'2019-09-01 21:04:29'),(190,190,'2019-07-28 02:49:06'),(191,191,'2019-08-12 15:13:04'),(192,192,'2019-07-30 01:35:46'),(193,193,'2019-06-24 17:23:50'),(194,194,'2019-07-09 07:22:28'),(195,195,'2019-08-03 13:39:08'),(196,196,'2019-08-10 10:59:25'),(197,197,'2019-08-24 23:45:00'),(198,198,'2019-06-19 06:12:13'),(199,199,'2019-06-25 21:34:10'),(200,200,'2019-07-05 21:27:24');
/*!40000 ALTER TABLE `show_date` ENABLE KEYS */;
UNLOCK TABLES;

--
-- Table structure for table `show_rate`
--

DROP TABLE IF EXISTS `show_rate`;
/*!40101 SET @saved_cs_client     = @@character_set_client */;
/*!40101 SET character_set_client = utf8 */;
CREATE TABLE `show_rate` (
  `id` int(11) NOT NULL AUTO_INCREMENT,
  `show_date_id` int(11) NOT NULL,
  `free_places_number` int(11) DEFAULT NULL,
  `discounted_rate` int(11) DEFAULT NULL,
  PRIMARY KEY (`id`),
  UNIQUE KEY `UNIQ_31BE9FADFC51B88` (`show_date_id`),
  CONSTRAINT `FK_31BE9FADFC51B88` FOREIGN KEY (`show_date_id`) REFERENCES `show_date` (`id`)
) ENGINE=InnoDB AUTO_INCREMENT=201 DEFAULT CHARSET=utf8mb4 COLLATE=utf8mb4_unicode_ci;
/*!40101 SET character_set_client = @saved_cs_client */;

--
-- Dumping data for table `show_rate`
--

LOCK TABLES `show_rate` WRITE;
/*!40000 ALTER TABLE `show_rate` DISABLE KEYS */;
INSERT INTO `show_rate` VALUES (1,1,40,2),(2,2,40,2),(3,3,40,2),(4,4,40,2),(5,5,40,2),(6,6,40,2),(7,7,40,2),(8,8,40,2),(9,9,40,2),(10,10,40,2),(11,11,40,2),(12,12,40,2),(13,13,40,2),(14,14,40,2),(15,15,40,2),(16,16,40,2),(17,17,40,2),(18,18,40,2),(19,19,40,2),(20,20,40,2),(21,21,40,2),(22,22,40,2),(23,23,40,2),(24,24,40,2),(25,25,40,2),(26,26,40,2),(27,27,40,2),(28,28,40,2),(29,29,40,2),(30,30,40,2),(31,31,40,2),(32,32,40,2),(33,33,40,2),(34,34,40,2),(35,35,40,2),(36,36,40,2),(37,37,40,2),(38,38,40,2),(39,39,40,2),(40,40,40,2),(41,41,40,2),(42,42,40,2),(43,43,40,2),(44,44,40,2),(45,45,40,2),(46,46,40,2),(47,47,40,2),(48,48,40,2),(49,49,40,2),(50,50,40,2),(51,51,40,2),(52,52,40,2),(53,53,40,2),(54,54,40,2),(55,55,40,2),(56,56,40,2),(57,57,40,2),(58,58,40,2),(59,59,40,2),(60,60,40,2),(61,61,40,2),(62,62,40,2),(63,63,40,2),(64,64,40,2),(65,65,40,2),(66,66,40,2),(67,67,40,2),(68,68,40,2),(69,69,40,2),(70,70,40,2),(71,71,40,2),(72,72,40,2),(73,73,40,2),(74,74,40,2),(75,75,40,2),(76,76,40,2),(77,77,40,2),(78,78,40,2),(79,79,40,2),(80,80,40,2),(81,81,40,2),(82,82,40,2),(83,83,40,2),(84,84,40,2),(85,85,40,2),(86,86,40,2),(87,87,40,2),(88,88,40,2),(89,89,40,2),(90,90,40,2),(91,91,40,2),(92,92,40,2),(93,93,40,2),(94,94,40,2),(95,95,40,2),(96,96,40,2),(97,97,40,2),(98,98,40,2),(99,99,40,2),(100,100,40,2),(101,101,40,2),(102,102,40,2),(103,103,40,2),(104,104,40,2),(105,105,40,2),(106,106,40,2),(107,107,40,2),(108,108,40,2),(109,109,40,2),(110,110,40,2),(111,111,40,2),(112,112,40,2),(113,113,40,2),(114,114,40,2),(115,115,40,2),(116,116,40,2),(117,117,40,2),(118,118,40,2),(119,119,40,2),(120,120,40,2),(121,121,40,2),(122,122,40,2),(123,123,40,2),(124,124,40,2),(125,125,40,2),(126,126,40,2),(127,127,40,2),(128,128,40,2),(129,129,40,2),(130,130,40,2),(131,131,40,2),(132,132,40,2),(133,133,40,2),(134,134,40,2),(135,135,40,2),(136,136,40,2),(137,137,40,2),(138,138,40,2),(139,139,40,2),(140,140,40,2),(141,141,40,2),(142,142,40,2),(143,143,40,2),(144,144,40,2),(145,145,40,2),(146,146,40,2),(147,147,40,2),(148,148,40,2),(149,149,40,2),(150,150,40,2),(151,151,40,2),(152,152,40,2),(153,153,40,2),(154,154,40,2),(155,155,40,2),(156,156,40,2),(157,157,40,2),(158,158,40,2),(159,159,40,2),(160,160,40,2),(161,161,40,2),(162,162,40,2),(163,163,40,2),(164,164,40,2),(165,165,40,2),(166,166,40,2),(167,167,40,2),(168,168,40,2),(169,169,40,2),(170,170,40,2),(171,171,40,2),(172,172,40,2),(173,173,40,2),(174,174,40,2),(175,175,40,2),(176,176,40,2),(177,177,40,2),(178,178,40,2),(179,179,40,2),(180,180,40,2),(181,181,40,2),(182,182,40,2),(183,183,40,2),(184,184,40,2),(185,185,40,2),(186,186,40,2),(187,187,40,2),(188,188,40,2),(189,189,40,2),(190,190,40,2),(191,191,40,2),(192,192,40,2),(193,193,40,2),(194,194,40,2),(195,195,40,2),(196,196,40,2),(197,197,40,2),(198,198,40,2),(199,199,40,2),(200,200,40,2);
/*!40000 ALTER TABLE `show_rate` ENABLE KEYS */;
UNLOCK TABLES;

--
-- Table structure for table `spectacle`
--

DROP TABLE IF EXISTS `spectacle`;
/*!40101 SET @saved_cs_client     = @@character_set_client */;
/*!40101 SET character_set_client = utf8 */;
CREATE TABLE `spectacle` (
  `id` int(11) NOT NULL AUTO_INCREMENT,
  `theater_id_id` int(11) NOT NULL,
  `title` varchar(255) COLLATE utf8mb4_unicode_ci NOT NULL,
  `description` longtext COLLATE utf8mb4_unicode_ci NOT NULL,
  `distribution` longtext COLLATE utf8mb4_unicode_ci NOT NULL,
  `mandatory_infos` longtext COLLATE utf8mb4_unicode_ci,
  `image` varchar(255) COLLATE utf8mb4_unicode_ci NOT NULL,
  `photo_credits` varchar(255) COLLATE utf8mb4_unicode_ci DEFAULT NULL,
  `additional_infos` longtext COLLATE utf8mb4_unicode_ci,
  `is_balise` tinyint(1) NOT NULL,
  `offer_type` smallint(6) DEFAULT NULL,
  `mapado_link` varchar(255) COLLATE utf8mb4_unicode_ci DEFAULT NULL,
  `base_rate` double DEFAULT NULL,
  PRIMARY KEY (`id`),
  KEY `IDX_E55076F44ECC313E` (`theater_id_id`),
  CONSTRAINT `FK_E55076F44ECC313E` FOREIGN KEY (`theater_id_id`) REFERENCES `theater` (`id`)
) ENGINE=InnoDB AUTO_INCREMENT=201 DEFAULT CHARSET=utf8mb4 COLLATE=utf8mb4_unicode_ci;
/*!40101 SET character_set_client = @saved_cs_client */;

--
-- Dumping data for table `spectacle`
--

LOCK TABLES `spectacle` WRITE;
/*!40000 ALTER TABLE `spectacle` DISABLE KEYS */;
INSERT INTO `spectacle` VALUES (1,1,'Suscipit fugiat ratione architecto et quod.','Quia natus commodi maxime dolores quidem. Minima accusamus aperiam accusantium distinctio fugiat itaque est. Officia ipsam qui illum voluptatem esse. Quisquam enim mollitia quos dolores quae.','Legendre Capucine, Chretien Frédéric, Charles Charlotte','Repudiandae non unde sit autem. Ad animi quae nihil et odio veniam velit. Minima at nostrum minus fugit. Omnis quia exercitationem quam nihil.','https://via.placeholder.com/150','Gimenez Théophile','Dolorem delectus repellendus occaecati iure omnis voluptatem aperiam. Eius et laudantium corrupti hic tenetur libero architecto. Ipsum praesentium nihil ratione deserunt.',1,1,'http://www.barbe.com/',25),(2,1,'Placeat eveniet qui placeat consequatur.','In fugit veniam autem. Quibusdam sed amet perferendis illum. Excepturi ullam non quam perspiciatis consequatur explicabo recusandae. Aut sit amet nulla labore.','Maury Michelle, Grenier Adrienne, Daniel Gérard','Est maiores eos ullam odio. Dolores aliquam odio saepe ipsam blanditiis. Nemo officiis aut ab non. Quasi eveniet architecto est impedit velit iusto eius.','https://via.placeholder.com/150','Rey Luc','Aut amet ducimus aliquam distinctio. Quia aliquam distinctio est dolore. Mollitia itaque repellendus aut officiis. Aperiam dolor voluptas ipsam maxime provident quidem. Modi sint dolore sint aliquid accusantium fugiat odio.',1,1,'https://www.potier.com/voluptatum-sequi-ut-omnis-commodi-quos',25),(3,1,'Qui culpa officia id est magni.','Ea doloremque hic rem quia tempore odit autem. Vel minima ipsa et provident. Occaecati dolor non voluptate itaque nihil non. Pariatur pariatur sit optio hic unde facilis dignissimos.','Merle Laure, Marie David, Martel Adrien','Corporis voluptatum maxime neque possimus nihil. Possimus officiis neque commodi velit occaecati odio cum minus. Iusto sint magnam dignissimos mollitia maiores nam aut. Iste atque consequatur tempore consequatur magnam quisquam.','https://via.placeholder.com/150','De Sousa Gilles','Assumenda dolorem iusto animi illum. Aliquid molestiae voluptas consequatur asperiores corporis. Officiis dolorem ut quia. Et modi necessitatibus ea blanditiis quam ea. Eligendi ad omnis omnis sequi at.',1,1,'http://vidal.org/ea-aspernatur-dolorem-harum-ad',25),(4,1,'Autem occaecati distinctio autem quas velit.','Ad quae suscipit saepe deserunt et ut quam. Quidem fuga et vitae praesentium odio necessitatibus. Sed omnis iusto assumenda sit velit ipsam sit.','Pruvost Noël, Guilbert Océane, Blanc Gilles','Iure molestiae voluptates et quasi sed molestiae. Eum pariatur voluptatibus explicabo non maxime odit. Id occaecati dolorem a vitae id perspiciatis veritatis.','https://via.placeholder.com/150','Charles Paulette','Et voluptate qui qui suscipit ipsam adipisci maxime. Sit exercitationem et doloribus qui. Nihil sed expedita reprehenderit inventore. Quia quod sint possimus repellat laboriosam.',1,1,'http://www.lombard.net/',25),(5,1,'Quidem dolores dignissimos quasi.','Eveniet eos eveniet eligendi ipsum libero. Natus praesentium tempora vel illum soluta excepturi. Omnis recusandae voluptas voluptatum ut.','Allain René, Le Gall Amélie, Marques Jeanne','Reiciendis temporibus est distinctio sit autem. Quasi laboriosam aut ut et. Consectetur quisquam accusantium omnis sapiente quidem.','https://via.placeholder.com/150','Sauvage Éric','Sed magnam quia aperiam est enim et. Quis voluptatem ducimus officia error aut repudiandae. Doloribus sunt error ratione autem.',1,1,'http://royer.org/eligendi-esse-sit-aut-placeat',25),(6,2,'Consequuntur nobis omnis autem.','Eum consequuntur optio aut quis vero repellendus. Voluptatum et ipsam debitis ut aut quae qui. Qui ipsam deserunt eius consectetur asperiores eveniet. Rerum est magnam dolor fugit. Quo et eligendi ea deserunt incidunt corrupti commodi.','Germain Chantal, Michel Laure, Blot Françoise','Autem et officiis accusantium fuga autem dolor voluptatibus. Cupiditate et minima perferendis iusto. Ut vitae nam non quos omnis.','https://via.placeholder.com/150','Gautier Sophie','Quia dolor est ducimus est dignissimos. Doloremque est dolor sed repellat ut ut laboriosam. Et qui optio praesentium.',1,1,'http://www.moreno.net/eos-quod-sed-perferendis-labore-ut.html',25),(7,2,'Aperiam dolorum vel omnis voluptas.','Enim sit culpa in. Enim sit voluptatum vitae dolorem qui. Esse soluta voluptatem a et quae accusantium sed.','Delahaye Stéphanie, Lenoir Marianne, Charrier Thibault','Molestias eaque magnam dolorem. Maiores ipsa pariatur dolorum quis id. Quibusdam autem incidunt quibusdam praesentium sit fuga voluptatem. Sint sed tempore officia qui.','https://via.placeholder.com/150','Dupont Alfred','Molestiae in quia possimus officiis. Ut repellendus architecto libero ex. Fugiat ut iusto repellat nihil est perferendis tempore. Et sit nihil autem dicta ut.',1,1,'https://www.pires.org/magni-distinctio-qui-est-iure-quis',25),(8,2,'Et quia consequatur excepturi vitae placeat.','Impedit qui perspiciatis rem tempora. Ut eius qui quo ullam nihil et culpa. Ullam et in omnis vel expedita nemo. Amet magnam officiis hic quis cum quisquam.','Gomez Lucie, Lucas Stéphanie, Goncalves Maggie','Ut dolore ratione nulla perspiciatis facilis sint. Omnis officiis rem veniam ex aut. Non mollitia officiis quaerat aliquid fuga.','https://via.placeholder.com/150','Allard Jeanne','Necessitatibus perspiciatis earum est officiis. Ut debitis velit iusto explicabo illo earum reiciendis ut. Necessitatibus dolores veniam sit amet. Sit labore consequatur perferendis consequatur quo consequatur dolore.',1,1,'http://www.monnier.com/',25),(9,2,'Qui autem fuga laudantium.','Libero iusto repellendus animi ipsam error esse. Quaerat fugit in velit exercitationem reiciendis et veritatis. Corporis autem inventore quis rerum laboriosam. Voluptatibus quia architecto eaque soluta qui qui cupiditate.','Girard Victor, Bernier Guy, Bertin Éléonore','Ut ab reprehenderit nisi nihil quibusdam. In dicta unde aut consequatur et quia ut soluta. Facere dolor est quia similique exercitationem. Sunt vero iste quo suscipit magni numquam.','https://via.placeholder.com/150','Regnier René','Quia libero nostrum repudiandae. Qui et iste vel. Non accusamus culpa nesciunt rerum laudantium. Et ipsum dolorem atque itaque est sint quas.',1,1,'https://www.marques.fr/ut-non-a-nihil-occaecati',25),(10,2,'Assumenda praesentium expedita est.','Libero occaecati qui laboriosam deserunt a. Cum et nesciunt dolorem laborum. Est nobis eligendi nisi itaque consequatur nam. Eaque molestiae molestias illum odit.','Colas Théophile, Martin Raymond, Prevost François','Veniam asperiores aut fugiat fugit at voluptas et. Cum aspernatur occaecati numquam nobis sunt maxime. Velit ullam aliquam adipisci autem ea et. Eum qui ut autem delectus iusto et iste.','https://via.placeholder.com/150','Riou Paulette','Sapiente cum impedit et. Nesciunt qui est temporibus repudiandae explicabo nam. Nihil officia et quo modi. A aut voluptas quibusdam neque.',1,1,'http://www.maillet.com/consectetur-omnis-consequatur-quis-rerum.html',25),(11,3,'Consequuntur est vitae.','Ab ipsa enim ut ut. Sit ea quis animi sed laudantium possimus. Reprehenderit quia voluptatem exercitationem nemo aliquam nesciunt sint.','Paul Dominique, Pichon Patrick, Pages Hugues','Eveniet aut et impedit dolores labore. Libero magnam natus corrupti tempore voluptates accusamus. Et corrupti voluptate nam est consequatur qui. Aliquid illum minus est minima velit accusantium.','https://via.placeholder.com/150','Hebert Suzanne','Nihil unde ut dolorem ullam. Consequuntur autem animi neque rerum ipsa ab eos sequi. Quis ut placeat enim deleniti cupiditate consequuntur. Et perferendis eligendi dicta voluptas. Itaque maiores deserunt modi molestiae qui.',1,1,'http://www.traore.fr/',25),(12,3,'Et enim placeat accusantium quam.','Et magnam quia rerum et illum. Sunt dignissimos unde tenetur facilis enim enim ratione. Doloribus sunt assumenda dignissimos dignissimos recusandae in.','Richard Anaïs, Fouquet Christophe, Valentin François','Repellat repudiandae tenetur unde et voluptatibus suscipit at. Dicta laudantium et tempora omnis labore pariatur velit. Minima omnis minus ut. Quia odit quae non soluta est harum.','https://via.placeholder.com/150','Etienne Noémi','Autem ducimus facilis dignissimos placeat voluptate perspiciatis. A fugit quia magnam libero aliquid animi porro. Deserunt velit accusamus et magnam voluptatibus eius.',1,1,'http://www.gaillard.com/',25),(13,3,'Dolorem ea sed quos optio.','Natus quibusdam dolores ut nesciunt. Qui nisi placeat beatae rerum. Culpa sed id omnis ut et. Et mollitia et maiores quod velit doloribus. Cum ipsa cumque similique quia. Sint tempore et quis et quis.','Courtois Marcelle, Cousin Alexandre, Carpentier Benoît','Laboriosam totam eaque dolores cum. Perferendis vel error reiciendis reprehenderit et ducimus aut. Exercitationem qui nesciunt asperiores recusandae animi sed qui. Sed asperiores perferendis aut atque odit.','https://via.placeholder.com/150','Thomas Océane','Cumque id odit dolores sint recusandae omnis repudiandae. Et aut error commodi. Nostrum esse ad ut corrupti laborum. Est quaerat illum ut sit sed.',1,1,'http://www.goncalves.net/et-consequuntur-ut-eaque-delectus-qui-voluptas-consequuntur',25),(14,3,'Illo alias ea dolorum.','Sunt enim culpa beatae omnis optio. Consequatur laudantium est assumenda vero. Eaque ducimus ipsa eum est. Culpa officia quae nam inventore velit voluptatem totam perferendis.','Perrin Martin, Joseph Frédéric, Barbier Cécile','Sit maxime eligendi commodi itaque omnis soluta ab. Et aspernatur cupiditate in. Voluptas laborum et expedita quaerat dicta saepe.','https://via.placeholder.com/150','Bertrand Victoire','Voluptas et ut et soluta facilis. Qui eaque dolore perspiciatis aut sed eaque voluptatum. Unde quis et voluptates asperiores illo nobis.',1,1,'http://morel.com/eum-maxime-sunt-vitae-hic-pariatur',25),(15,3,'Distinctio suscipit deleniti vero velit.','Consequatur voluptatem et sit repellat et numquam. Quisquam beatae sit et cumque esse molestias. Similique voluptas qui sed temporibus cupiditate ducimus. Iusto tenetur est excepturi deleniti. Quos a aut aperiam sint assumenda quisquam.','Lamy Roger, Gonzalez Zacharie, Jacquot Capucine','Fuga accusamus dolor aut vel consequatur tempore amet dolorem. Earum ratione asperiores aut numquam illo pariatur. Et illo id aut ut excepturi. Et dolorem non excepturi qui. Enim omnis ratione vitae voluptatem dolor veritatis nobis.','https://via.placeholder.com/150','Torres Gabriel','Doloribus voluptates tempore fugiat non. Recusandae aperiam vel assumenda sit modi eveniet. Sit eos modi velit accusamus.',1,1,'http://labbe.fr/',25),(16,4,'Accusamus rerum quos ut aut rerum.','Qui cupiditate unde earum odio quis odit aut. Possimus cum inventore esse atque animi. Accusamus aspernatur perferendis commodi doloremque ut ea dolorem. Perferendis eos et dolor est necessitatibus.','Humbert Martin, Letellier Lucy, Neveu Éric','Ut sint sit ut dolorem maxime nisi debitis. Aut praesentium ducimus quisquam voluptatum neque et. Architecto voluptatum totam aliquam odit velit. Vel corporis totam sed sequi fuga.','https://via.placeholder.com/150','Bigot Margaux','Qui ut quia iusto itaque pariatur excepturi esse et. Est qui reprehenderit molestiae. Quidem eos eius dolorem voluptas ducimus.',1,1,'http://bertrand.fr/mollitia-praesentium-illo-impedit-quas-possimus-perferendis-sit.html',25),(17,4,'Qui beatae rerum tempora ducimus.','Quas nihil sunt dolore accusantium odit id. Sunt beatae fuga fugiat tenetur. Dolore voluptatibus qui ratione nihil ullam. Iusto aspernatur quia qui optio repellendus. Voluptas fugiat molestias et impedit. Non ea id vel ut qui.','Gomez Élodie, Humbert Denise, Couturier Gérard','Quod incidunt ea dolore autem harum et eos. Delectus non nobis minus perferendis at. Dolor veritatis ea sed dolor sed tempora. Et est odit aut expedita quia natus. Ipsam voluptas velit ut in incidunt id est. Labore reiciendis qui impedit.','https://via.placeholder.com/150','Launay Élise','Veritatis cupiditate ut sint et qui. Excepturi repellendus fuga nobis consequatur ut voluptatem quis voluptas. Nobis ab ea enim aut voluptatem. Alias ullam dolor quas quod. Molestiae exercitationem aut voluptatem corporis.',1,1,'http://guibert.fr/alias-dolor-qui-blanditiis-ut-suscipit-assumenda',25),(18,4,'Ut est qui optio ducimus.','Est assumenda omnis ipsam. Rem et possimus corporis. Et dolorum totam ad consequatur. Hic vero consequatur sit quidem. Ut repellendus sunt excepturi expedita quia provident veritatis. Molestiae et et reiciendis et laboriosam molestias.','Lejeune Sabine, Guerin Émilie, Mathieu Jacques','Et quo labore enim quae sit quo. Voluptatem et quas assumenda laudantium. Error nostrum omnis porro eos ut.','https://via.placeholder.com/150','Boulay Alfred','Eum autem deleniti quia aut cumque tenetur quia. Quas eaque dolorem voluptas impedit et quod dolorem. Excepturi fuga possimus velit. Fugiat et eius debitis. Sint provident aliquid porro vel illum.',1,1,'http://www.garcia.com/',25),(19,4,'Dicta sunt quae laborum.','Eaque iste molestiae tempora tempora impedit et. Rerum similique quibusdam quae voluptatum hic minus. Aut ut et ab est aut.','Couturier Louis, Potier Matthieu, Blanchard Emmanuel','Eaque vitae maiores voluptas est doloremque occaecati qui. Ea vel possimus labore. Laborum vel accusamus est qui quo consequatur consequuntur excepturi. Fugit consequatur dolor saepe id magni.','https://via.placeholder.com/150','Briand Émilie','Sit officia architecto et quo quia voluptatem ipsa. Veritatis iusto iste consequatur culpa. Quibusdam sed repellendus corporis vitae tempora id aliquam illo.',1,1,'https://www.laurent.org/officiis-velit-distinctio-labore',25),(20,4,'Corporis molestiae ad.','Nisi assumenda amet ea voluptatem distinctio. Qui quis ut ab temporibus explicabo. Alias voluptatibus vitae dolores impedit sit autem.','Nicolas Margot, Blin Aimé, Alexandre Édouard','Illum dolores iusto nihil accusamus expedita temporibus quos. Veniam est sint facilis quos. Quaerat ipsam occaecati iure et. Quod velit ab aut doloremque labore.','https://via.placeholder.com/150','Girard Véronique','Sunt repellendus tempore esse atque. Repudiandae saepe inventore dolores est exercitationem aut. Dolorem quis vero velit.',1,1,'https://www.fournier.com/eveniet-est-fugiat-et-alias-cumque-et-distinctio',25),(21,5,'Ut ullam sit error iusto.','Assumenda eos vel nulla minus vitae est soluta. Officiis eum quasi sint voluptas. Enim voluptates ad et sit. Sit architecto laudantium expedita earum ut possimus.','Louis Auguste, Lecomte Paulette, Guillet Marine','Voluptatum reiciendis sequi officiis asperiores. Qui deleniti nam tempore perferendis in minima dolorum.','https://via.placeholder.com/150','Charles Corinne','Nam enim et quae. Et praesentium corporis harum voluptas sed laborum numquam facilis. Vitae magnam consequuntur accusantium recusandae et voluptate. Maxime rerum est voluptate.',1,1,'http://www.goncalves.org/repudiandae-et-molestiae-reprehenderit-quia-pariatur-earum-libero',25),(22,5,'Ducimus odit voluptas repellendus.','Sunt perferendis similique dolorem rerum. Et placeat voluptas optio id autem architecto. Doloribus quisquam debitis explicabo rerum architecto iusto perferendis. Repudiandae enim dolorum sint.','Bernard Cécile, Lemaitre Simone, Gros Gilles','Ut nihil ut minima minus. Praesentium magnam ut sit quia quaerat vitae recusandae dolores. Dolore dolorem incidunt odio. Corporis non numquam voluptatibus et ipsum eius.','https://via.placeholder.com/150','Gillet Dominique','Omnis quam qui optio dolores rerum quia repudiandae. Tempora atque cupiditate aspernatur quam quasi quibusdam qui excepturi. Architecto dolor ipsam qui voluptatibus aut aut qui. Eum qui vero distinctio. Est est ducimus qui harum ipsa.',1,1,'http://www.martins.net/tempore-qui-id-saepe-nihil-necessitatibus-eius',25),(23,5,'Dolore architecto exercitationem aut eaque.','Vitae quo ipsa nesciunt ex. Impedit illum ad eveniet voluptatem nisi necessitatibus. Odio nobis id sequi fugit aperiam libero. Est corrupti dolore officia est illo repudiandae.','Lemaitre Maurice, Lecomte Sébastien, Begue Océane','Est velit laudantium eius incidunt fugit amet perspiciatis. In aut sunt delectus. Totam non odio aut sunt delectus.','https://via.placeholder.com/150','Payet Hugues','Voluptas aut ut id dolor repellat. Amet quidem sed at voluptatem est quibusdam voluptates sapiente. Rerum iure beatae accusantium sapiente aspernatur amet. Odit laboriosam et beatae autem omnis qui.',1,1,'http://carre.com/',25),(24,5,'Odit et quia.','Aut sapiente doloribus ab at adipisci nulla nemo possimus. Voluptatibus corrupti consequatur inventore veniam pariatur. Consequatur sit expedita ea quibusdam ut enim non vel.','Mahe Geneviève, Dupont Françoise, Blanchet Margot','Porro consequuntur ut sequi. Qui aut laudantium et est vel aut. Magnam cum corporis quaerat minima illo vel reprehenderit quasi.','https://via.placeholder.com/150','Humbert Agnès','Commodi eos aut accusamus quia. Alias consectetur voluptas numquam molestiae quibusdam. Vero velit qui blanditiis quos officiis.',1,1,'http://www.marechal.org/voluptate-ut-et-eligendi-fugit-commodi.html',25),(25,5,'Itaque sed reiciendis et.','Quia autem aspernatur quasi velit velit debitis quasi veritatis. Quia omnis doloribus ipsa voluptatum mollitia repudiandae sit. Praesentium ea qui iusto quidem excepturi. Consectetur est ullam et nesciunt maiores cupiditate ut.','Vidal Christelle, Ferreira Adèle, Berger Alain','Iusto odit corporis asperiores unde ut eum laboriosam. Optio sed est debitis sit nostrum nemo. Tempora autem eum iure magnam dolorum aliquam.','https://via.placeholder.com/150','Rousseau Robert','Dolor odit voluptatem labore quae qui nostrum. Quae non possimus repellat omnis mollitia aut consequatur. Perferendis corrupti officia maxime exercitationem repellendus aperiam iusto.',1,1,'http://www.moreau.com/rerum-minus-qui-sunt-quisquam',25),(26,6,'Qui quo possimus facilis commodi.','Nobis quaerat deleniti aperiam sed non. Vitae sit est alias quisquam fugiat. Quis facere sunt quibusdam eligendi.','Traore Joseph, Prevost Nicolas, Millet Anne','Reiciendis eos similique ex ea. Aspernatur eos est occaecati magni. Officiis et cum ut nihil sunt velit. Doloremque voluptas consectetur quia enim numquam. Tenetur labore praesentium quod voluptas dolores commodi sit.','https://via.placeholder.com/150','Barthelemy Théodore','Tempora velit sed voluptatem. Unde quod ipsa sit soluta consectetur. Voluptate consequuntur ea qui delectus.',1,1,'http://www.barbe.fr/quos-est-illo-ducimus-sit-aut.html',25),(27,6,'Et culpa quis ut eos aut.','Sed eaque voluptatem quis voluptatum id. Harum corporis praesentium praesentium enim eos soluta at. Et earum corrupti vero reiciendis ut nihil esse. Inventore quam eligendi corrupti omnis possimus est.','Voisin Adèle, Pons Benjamin, Roux Victoire','Dicta tempore ea id sint maxime ducimus sit. Et quis ipsa ex est repellendus iure dignissimos. Delectus nihil magnam incidunt nostrum eum et qui. Esse voluptas qui natus ut ut. Cupiditate quibusdam dolor odio nulla iste itaque quisquam.','https://via.placeholder.com/150','Robin Thibault','Et totam tempora est. Vitae nobis culpa nisi aut unde accusantium. Libero impedit rem quis occaecati corrupti. Non nihil sit vel tempore molestiae. Iure repudiandae quo amet exercitationem assumenda.',1,1,'https://www.collet.com/sed-ipsam-consequatur-exercitationem-ea',25),(28,6,'Animi commodi nostrum est dolor vel.','Quam laudantium totam optio ut fugiat. Numquam quia tenetur odio inventore. Enim quo consectetur qui et nostrum. Sunt necessitatibus illo commodi ut rerum dignissimos in.','Camus Margaux, Gerard Agnès, Leroy Anne','Totam alias eos blanditiis nihil dolor neque. Unde dolore est nam in. Delectus qui hic quisquam a voluptas quibusdam. Ut aspernatur doloremque rerum qui ut nemo nulla aliquid.','https://via.placeholder.com/150','Couturier Charles','Eligendi ipsum esse non minus earum. Eaque aut ex quis dolorem autem. Accusantium quo at exercitationem. Deleniti voluptatem ipsum nemo rerum. Sequi fugit voluptates et tempore voluptatem.',1,1,'http://roy.org/architecto-ad-saepe-autem',25),(29,6,'Minima ullam facere.','Blanditiis numquam quam et vel. Eos molestias unde porro quae blanditiis nesciunt voluptas. Ut et ut quis odio voluptas rem eum ut. Dicta corporis unde aspernatur dicta qui consequatur eveniet.','Laroche Augustin, Costa Susan, Baron Claude','Animi aliquam vel autem nam. Dolores ipsam repellendus distinctio quo. Porro eum neque alias quos laudantium esse odit. Minima incidunt quos dolorem dolorem explicabo rem cumque ipsam.','https://via.placeholder.com/150','Descamps Augustin','Rerum deserunt tempore soluta consequatur dolorum nemo incidunt quo. Eum rem vel maxime qui et facere omnis neque. Minima sint quia delectus quidem quia omnis.',1,1,'http://wagner.fr/illum-deserunt-recusandae-modi-et-nisi-distinctio',25),(30,6,'Expedita voluptas aliquam dolores quo voluptatem.','Assumenda perspiciatis velit dolore et et. Repellat beatae sed eveniet est eum. Et blanditiis est possimus. Id unde rem illo ut. Aut nisi tempore itaque ut sed et. Sequi minus dignissimos architecto.','Laine Stéphane, Marion Laetitia, Gaillard Gilles','Veniam voluptas aut tenetur ullam dolorem et. Placeat laudantium itaque suscipit aliquam. Qui non ut iusto nobis esse provident quia. Ex et corrupti eum a voluptas vero fugiat. Laudantium et ea sit. Quidem id officiis omnis et ut.','https://via.placeholder.com/150','Duval Augustin','Rerum perspiciatis sunt rem autem itaque omnis. Reiciendis sint est numquam voluptas repellendus. Ex sunt rerum itaque nulla voluptate repudiandae officia.',1,1,'http://guichard.org/illum-quibusdam-tenetur-rerum-ut-doloremque',25),(31,7,'Non possimus non dolores consequatur.','Sit consequatur temporibus dolores veniam non laborum repudiandae. Dolorem vitae tenetur ex soluta dolor. Beatae rerum adipisci nisi illo quisquam qui.','Martin Marianne, Grondin Vincent, Thierry Dorothée','Esse omnis fugit dolorem a. Aperiam voluptatem voluptates ut quo saepe voluptate est. Ullam ab corporis voluptatem natus nisi est. Quo sunt cumque illum nam.','https://via.placeholder.com/150','Hardy Vincent','Eum quis ad dolores vel. Sit sunt exercitationem aut debitis repudiandae excepturi. Voluptas quae quia ut maxime. Et et sunt velit libero facilis labore.',1,1,'http://www.barbier.fr/repudiandae-modi-at-in-velit',25),(32,7,'Ab veniam doloremque tempora.','Praesentium molestias accusamus ut quas eaque doloribus totam. Nihil qui earum amet iusto. Molestiae tempore consequatur suscipit sit.','Adam Alphonse, Lemaire Andrée, Tessier Édith','Aliquam omnis est cum maxime. Quia quis voluptatem omnis aliquam qui pariatur minima. Autem nihil minima iure eaque.','https://via.placeholder.com/150','Pierre Christelle','Optio velit sequi praesentium quasi ut enim earum. Culpa accusantium blanditiis laboriosam. Itaque eos expedita quidem consequatur a est harum.',1,1,'http://evrard.com/',25),(33,7,'Aut ea quos quo.','Quibusdam praesentium nihil voluptates. Ut officiis ut nobis dolore dolore voluptate dolor sunt. Qui et pariatur vel. Ea voluptas eum aperiam voluptas.','Muller Aimé, Raymond Louise, Vasseur Marie','Praesentium qui sunt doloribus. Expedita architecto modi in cum tempora tempora natus. Sequi et labore odit sed. Porro est ipsum laudantium eum.','https://via.placeholder.com/150','Dufour Isabelle','Occaecati ut excepturi aspernatur eos voluptatibus. Nostrum modi voluptatem eos sint ex quo. Asperiores velit doloremque ex inventore repudiandae. Architecto voluptatibus magnam quia esse fugiat ut.',1,1,'http://guyon.com/sequi-earum-labore-odio-quas-dolor.html',25),(34,7,'Commodi fugiat ex ut.','Ipsum sunt cupiditate sequi est itaque. Est et deserunt quo quo. Placeat architecto tempora non doloremque et. Et sint aut in unde natus. Ab laboriosam voluptas voluptas harum aliquam aliquid.','Torres Théodore, Laurent Patricia, Lacombe Christine','Eum necessitatibus fuga debitis excepturi omnis quidem enim. Occaecati et incidunt perferendis magnam nihil corrupti. Nulla voluptatem tenetur maiores officiis. Tenetur voluptas illo sed libero ab.','https://via.placeholder.com/150','Tanguy Suzanne','Ullam voluptate sunt possimus omnis et. Aliquid esse quo quod fugiat quia deleniti.',1,1,'http://www.legrand.fr/veritatis-et-fugiat-doloremque-aut-mollitia-quidem',25),(35,7,'Debitis enim qui.','Earum omnis natus et et alias voluptatem. Non distinctio repellat est officia est laboriosam. Voluptatibus autem ut labore aspernatur quam alias fugit. Adipisci ipsam sunt vel consequatur aut soluta.','Goncalves Robert, Muller Louis, Marchand Luc','Minima expedita quae omnis sed quis nostrum. Quia adipisci enim quo ut vitae laudantium incidunt. Qui et earum fugit ratione laudantium repellendus eligendi. Sequi perferendis sunt expedita laborum ut voluptatem et.','https://via.placeholder.com/150','Launay Aimé','Laudantium minus ad aut minus consectetur nemo ea. Ut sed ipsam facilis. Id nihil quisquam cum vel sint. Distinctio in ut quo asperiores repellendus.',1,1,'http://www.roger.fr/sit-iure-modi-totam-porro',25),(36,8,'Et sunt recusandae esse consequuntur.','Quia veritatis cupiditate minima recusandae quia dolores. Deleniti et praesentium sed aut quas ad. Accusamus illum ipsam et molestiae quod. Necessitatibus architecto necessitatibus autem officiis.','Leconte Éric, Roy Étienne, Nicolas Anaïs','Dolorem qui sint sed et et. Et quia quae numquam at. Laborum rem repellat quia voluptatem. Magnam deleniti nam corporis suscipit. Qui aut aut et est sint sunt. Necessitatibus eligendi quis architecto non.','https://via.placeholder.com/150','Francois Denis','Possimus itaque aut delectus tenetur. Optio non enim nisi consequatur. Aut laborum et at aut corporis ipsam.',1,1,'http://www.carpentier.fr/exercitationem-quas-cupiditate-qui-numquam-similique-dolorem',25),(37,8,'Tempora voluptatem eligendi omnis et.','Libero commodi ipsa suscipit rerum ut dolores esse. Aut quis adipisci et dolor quia quidem. Est laboriosam iste et voluptatibus. Accusantium quia dolor consequatur molestiae explicabo.','Perret Aurélie, Guilbert Franck, Da Silva Michèle','Voluptate molestiae fugiat aperiam. Aut expedita aut numquam. Tempora aut adipisci quisquam eum. Quis sint at vero et beatae velit laudantium.','https://via.placeholder.com/150','Henry Dominique','Aut sit totam nesciunt eveniet quibusdam voluptas est. Eum quisquam dignissimos sapiente aut. Nulla at quos laboriosam fugiat sit et dolore numquam.',1,1,'http://www.leclercq.net/',25),(38,8,'Ut praesentium natus non architecto.','Eos aut aut minima. Aut voluptate in aut architecto. Quia impedit ut recusandae rerum. Sint et culpa ut praesentium. Ipsa velit error beatae debitis dicta.','Perrot Antoinette, Antoine Hélène, Petit Gilbert','Facilis quis cum dolor ipsa est ducimus repellendus. Sed perferendis est sint neque harum esse animi eligendi. Non iure rerum et dolorem molestias neque hic. Nesciunt voluptate ipsa debitis perspiciatis.','https://via.placeholder.com/150','Le Goff Diane','Est eos reiciendis placeat quia ratione itaque. Voluptatem porro possimus ut maxime. Repellendus illum molestiae magnam eum quis pariatur.',1,1,'http://www.blanchard.com/',25),(39,8,'Exercitationem quisquam ea.','Voluptas placeat autem autem. Doloribus nostrum omnis aut veniam laudantium modi. Omnis veritatis et necessitatibus ut culpa possimus excepturi.','Chretien Susan, Carlier Virginie, Fouquet Éric','Earum adipisci sed at aut et excepturi. Illo voluptas qui qui voluptates. Sapiente suscipit autem voluptas ex sunt quia ducimus quia.','https://via.placeholder.com/150','Alexandre Jules','Ut quia autem delectus eos et. Accusantium sed recusandae sint maxime beatae dolores. Aut dolore et nulla consequatur. Dolore facere nihil voluptas.',1,1,'http://masse.fr/nihil-fugit-sit-facilis-incidunt.html',25),(40,8,'Velit est animi labore.','Enim enim dolores voluptas saepe. Maiores exercitationem distinctio qui in necessitatibus facilis. Deleniti et est atque harum quaerat quia.','Guillet William, Lopes Suzanne, Martins Margaud','Sint harum quis non. Et error exercitationem et voluptas dolorem totam tenetur. Magni libero minus similique incidunt consectetur ut earum quasi.','https://via.placeholder.com/150','Marie Stéphanie','Tenetur sed suscipit et dolores cum quo quia. Eum sunt error eligendi. Rerum labore at est cupiditate dignissimos nihil. Ullam aspernatur minus accusamus et asperiores voluptas laboriosam.',1,1,'http://www.perrier.fr/velit-eum-odit-vero-architecto-sunt-repellendus-cumque-officiis',25),(41,9,'Aut amet minus.','Ratione et eos ut. Ut id repudiandae fugiat eligendi. Soluta dolores et enim rerum quia qui ea.','Dumas Brigitte, Mendes Auguste, Petit Frédérique','Et eum perspiciatis sed labore qui in itaque. Possimus iure voluptas dolores voluptas odit. Voluptate accusantium est suscipit quas dicta. Sint odio quidem ab consequuntur earum inventore recusandae cupiditate.','https://via.placeholder.com/150','Clerc François','Labore expedita voluptas sit rerum reiciendis ex sed. Aliquam eaque consectetur est nisi velit quia. Sed reprehenderit nobis expedita.',1,1,'https://www.marty.com/nobis-quasi-assumenda-consequatur-consequatur-voluptatem-aut-nostrum',25),(42,9,'Sed ullam ad molestiae.','Debitis et et ut sequi impedit delectus quod. Iusto non rerum nulla atque. Nihil numquam nihil architecto asperiores nihil omnis eaque. Magnam distinctio odio sit aut molestias.','Neveu Stéphanie, Deschamps Alphonse, Ledoux Laurence','Neque ab et distinctio qui est. Ea facilis et autem sed. Aut consequuntur aut sequi dolore voluptatem sunt cupiditate. Dolorum facilis est itaque error sed a in assumenda.','https://via.placeholder.com/150','Carlier Astrid','Dolor vel ut enim est id perspiciatis. Assumenda voluptas nisi iusto fugiat ea facilis fugit aperiam. Optio et incidunt sunt. Dolorem quia ullam tempora voluptatum nulla.',1,1,'http://neveu.fr/dicta-voluptate-voluptatibus-labore-nostrum-qui-qui-voluptatum.html',25),(43,9,'Molestiae molestias voluptate.','Delectus eius ea reprehenderit dolorem similique nulla. Eum tenetur consequatur commodi quo vel. Sit pariatur voluptatibus voluptates ex aut officia eum nihil. Architecto velit voluptas consectetur ut.','Jacques Richard, Reynaud Maurice, Vidal Gilbert','Quis dicta inventore laboriosam quam quam magnam. Deleniti expedita iste eum eos dicta amet repellat non. Expedita sunt sed voluptatum nesciunt. Dignissimos et recusandae velit qui quod reiciendis.','https://via.placeholder.com/150','Gay Zacharie','Non molestiae modi aliquam et esse doloribus ducimus voluptate. Quia natus itaque dignissimos. Est a at est quis. Qui eius numquam minima voluptatem voluptas voluptatem sit. A eligendi in nesciunt quibusdam.',1,1,'http://www.bazin.fr/ea-harum-quis-voluptas-dolores-facilis-cupiditate.html',25),(44,9,'Animi dicta perferendis.','Dolores nihil asperiores fugiat et sed ullam perspiciatis. Nihil iusto eum expedita. Odit ullam quis aliquam eius mollitia. Sapiente molestias enim quibusdam est earum deleniti.','Thibault Alexandrie, Marin Isabelle, Legrand Diane','Iste aspernatur maxime a. Asperiores culpa qui voluptate cum at in. Ut consequatur cum eaque non suscipit enim deserunt.','https://via.placeholder.com/150','Blot Thibaut','Porro ullam incidunt omnis iste. Nihil et consectetur sequi modi eum est.',1,1,'http://evrard.com/debitis-laudantium-reprehenderit-ipsam-quidem-labore.html',25),(45,9,'Dolorem dolor rerum rerum voluptas labore.','Modi dolorum temporibus magnam. Voluptas ea aliquam aperiam quia. Est dolorum explicabo aut mollitia minima. Dolores illum facere totam. Dolores voluptatum accusantium magni tenetur laborum.','Lebon Arthur, Adam Michelle, Brun Lucy','Quo enim quia ab qui magni a quis. Modi delectus cum necessitatibus quae qui velit nostrum eveniet. Quod ut itaque mollitia itaque rem. Distinctio eos eaque voluptatem sit. Dolores dicta sunt voluptates a natus ducimus.','https://via.placeholder.com/150','Gomes Alex','Omnis est molestiae quasi neque. Accusamus esse ut soluta quis. Officia non velit blanditiis consectetur quis iusto. Iusto rerum recusandae libero modi expedita ipsa.',1,1,'http://lebreton.fr/',25),(46,10,'Reiciendis alias esse consequuntur.','Autem quo officia repellat ut eveniet accusamus laborum. Quia sit labore velit enim dolorem totam. Voluptatum laboriosam est sed voluptas aut enim aliquid quae.','Legendre Jacques, Martin Timothée, Techer Gilles','Soluta voluptatibus sit ipsum ipsum blanditiis atque temporibus sunt. Tenetur modi nobis itaque incidunt consectetur. Similique quisquam dignissimos quas molestiae enim aspernatur consequatur.','https://via.placeholder.com/150','Leclerc Georges','Est dolores alias et sit nesciunt. Repudiandae doloribus architecto velit nulla. Velit suscipit sint eius quo impedit. Omnis est numquam laboriosam mollitia aut.',1,1,'http://bousquet.com/eveniet-tempore-ut-quasi-delectus-et',25),(47,10,'Quo debitis voluptatem optio molestiae.','Aspernatur voluptatem nisi est ut sed. Beatae qui libero neque ut nesciunt quisquam doloremque enim. Quia est at laboriosam nostrum. Qui autem et blanditiis et numquam hic reprehenderit.','Dubois Laurence, Carlier Chantal, Jean Richard','Rem dicta perspiciatis qui ipsam tempore officia inventore. Quo natus inventore quo.','https://via.placeholder.com/150','Parent Joseph','Dolores suscipit aut ut quidem. Omnis ut nemo nesciunt ut. Nemo saepe cumque quae vero et. Delectus iure cupiditate rem possimus et unde.',1,1,'https://brun.fr/quibusdam-rem-excepturi-sunt-sit-iste-tenetur.html',25),(48,10,'Dolor impedit dolores repellat.','Ut est consectetur sunt vero ut. Aut debitis atque est non. Sit quo dolor nemo et aut cum. Inventore provident id incidunt ipsa nesciunt.','Durand Clémence, Hubert Eugène, Marty Richard','Eius libero et quia expedita omnis. Quisquam officia consequatur facere ad repellat. Quia qui consequatur unde minima ut et dolore.','https://via.placeholder.com/150','Aubert Marcelle','Aut sed ratione expedita doloribus deleniti. Et sunt magni eos dolores. Mollitia est fuga totam provident. Dignissimos sint commodi itaque molestias aut omnis. Cupiditate et perspiciatis ullam non rerum.',1,1,'http://www.henry.com/vel-rerum-veritatis-voluptate-aliquid-provident-reprehenderit-cupiditate.html',25),(49,10,'Qui qui doloremque.','Et esse praesentium eos est illo sunt distinctio. Culpa omnis mollitia laborum rerum ullam. Alias deleniti beatae dolor placeat fugit est omnis.','Antoine Jeannine, Devaux Zacharie, Blanchet Camille','Aut maiores dolorem ea. Sed quod beatae unde nihil. Atque et voluptas nisi explicabo molestiae nemo. Corporis architecto ex velit quam sint officia dolores.','https://via.placeholder.com/150','Raymond Daniel','Mollitia adipisci rerum deleniti. Porro eveniet impedit eligendi et pariatur mollitia. Odit nobis autem repudiandae reiciendis expedita repellendus harum optio. Quis quam sed quam modi. Occaecati nesciunt voluptates nam aut reprehenderit.',1,1,'http://duhamel.fr/consequuntur-repudiandae-repellendus-consequatur-aut-animi-quo.html',25),(50,10,'Recusandae quasi et rerum.','Sit rerum ut eligendi corrupti voluptas et. Modi dicta iusto excepturi esse. Alias incidunt occaecati nobis omnis pariatur.','Seguin Émile, Morin Bernadette, Lacombe Olivier','Voluptatem rerum accusantium velit voluptatem tempore ea sit. Repellendus consequatur quae assumenda blanditiis.','https://via.placeholder.com/150','Peron Timothée','Enim magnam qui assumenda ut est nesciunt. Et exercitationem aut provident at. Rerum est iste dolorem est molestias est cupiditate.',1,1,'http://www.delmas.com/',25),(51,11,'Sit nam ab est.','Laudantium provident omnis eum ut in. Saepe provident eum quibusdam ratione ut soluta est dolore. Quidem sunt sunt qui ut.','Lefevre Grégoire, Garnier Augustin, Noel Richard','Magnam incidunt illo et enim aut explicabo laboriosam quibusdam. Modi aut qui aspernatur quam ab. Mollitia voluptas quasi nesciunt.','https://via.placeholder.com/150','Chauvin Alexandria','Natus animi id quia nulla porro nisi dolor molestiae. Voluptatem explicabo quis repellendus animi. Perspiciatis doloremque doloremque voluptas eum.',1,1,'http://vincent.fr/voluptatem-omnis-odio-est-quidem-voluptas-et-ut-nihil.html',25),(52,11,'Nesciunt consequatur laborum inventore.','Iure dignissimos adipisci tempora et iste aperiam expedita. Dolorem sint animi temporibus. Voluptatem molestiae eum molestiae perspiciatis esse libero. Molestias ipsa at molestiae qui quia doloremque.','Rousseau Auguste, Etienne Philippe, Fleury Bernard','Qui consectetur mollitia distinctio nostrum omnis doloribus nesciunt. Quae consequatur ut provident sed voluptatem illum saepe. Quas ut nisi quo eaque non sequi. Iste repudiandae voluptatem nemo praesentium ut ut voluptatem impedit.','https://via.placeholder.com/150','Descamps Marie','Fugit consequuntur nobis eius possimus quo. Quia eveniet accusantium iusto consequatur nihil omnis. Cumque ut est qui excepturi quis ut. Aliquam eligendi consectetur ea animi repudiandae enim non.',1,1,'http://jacquot.net/et-aliquam-qui-voluptatum-aut-qui-blanditiis',25),(53,11,'Rerum et qui sed itaque.','Et totam saepe voluptatibus ut perferendis. Est et quas est quibusdam est delectus. Aliquid doloribus labore a est.','Pichon Thierry, Barbier Michelle, David Édouard','Aut aliquid veritatis quos provident. Ut aut rerum ut voluptatum nesciunt explicabo. Cupiditate ipsam non necessitatibus aliquid autem.','https://via.placeholder.com/150','Mahe Vincent','Nobis quidem aut nisi ut quas error molestiae sed. Aut quos consequatur consectetur quis. Nam perspiciatis inventore non aut provident rerum ab.',1,1,'http://www.herve.com/',25),(54,11,'Perspiciatis et sit enim.','Non nihil minus et qui aperiam. Quam rerum excepturi recusandae aut similique. Id reprehenderit ut illum nulla eaque.','Pelletier Richard, Gaudin Margot, Hubert Thomas','Animi quo expedita et. Corporis itaque odio et dolor in delectus. Saepe quam dolorem inventore aperiam non repellat.','https://via.placeholder.com/150','Weber Cécile','Vel accusantium explicabo quisquam unde. Ipsa eos et quae dolorem consectetur ut omnis. Culpa asperiores optio asperiores velit. Modi praesentium omnis laboriosam assumenda pariatur.',1,1,'http://petit.com/voluptas-vel-ratione-perferendis-explicabo',25),(55,11,'Hic similique quae illum nam.','Ratione laboriosam dolores sint ea maxime qui maxime. Eligendi itaque non quis voluptatem unde at cupiditate. Explicabo adipisci sed temporibus autem aut. Accusantium fugit animi dolores voluptatem commodi veniam.','Neveu Olivier, Guillou Andrée, Prevost Alexandre','Distinctio quas ut dolor dicta. Ut blanditiis illo itaque consequatur sed. Praesentium voluptas ducimus repellat sint.','https://via.placeholder.com/150','Rousseau David','Tempore voluptates velit quo qui repellendus velit. Sequi dolor facilis culpa dolorem et. Ipsam doloribus dolorum est labore perferendis. Ut iste soluta fuga consectetur fuga.',1,1,'http://www.hernandez.net/et-qui-totam-et.html',25),(56,12,'Odio aut magni eveniet.','Temporibus voluptas ut iste adipisci. Velit et in quia quo eveniet et. Expedita voluptatibus aut consectetur ab necessitatibus quidem aperiam sapiente. Est est modi id fugit soluta quos. Ipsam non et repellat enim repellendus animi.','Pierre Frédérique, Gay Arthur, Guibert Madeleine','Corporis dolorum soluta reprehenderit exercitationem minus dolore assumenda. Est iure explicabo quae. Ipsum in numquam consequatur id. Accusantium facilis unde amet minus.','https://via.placeholder.com/150','Laine Grégoire','Molestiae aut aut quo libero mollitia ipsum. Consequuntur dignissimos quam adipisci tempora sit error laboriosam. Nisi quasi ut nisi dolorum iste quis rerum. Non dolorem in reiciendis dolorum aperiam aut ad.',1,1,'http://courtois.fr/adipisci-inventore-odio-laborum-ratione-consequatur-explicabo-fugiat',25),(57,12,'Necessitatibus rerum modi ipsum voluptas.','Harum cum aut et et. Aut ut est vel mollitia sit dolore ut. Qui culpa voluptate impedit mollitia omnis at. Nostrum debitis ut quaerat rerum aut impedit beatae tempore.','Grenier Isabelle, Gregoire Sébastien, Boulanger Cécile','Quas reprehenderit quis ipsa omnis. Repellat quibusdam ut quaerat eos necessitatibus et. Sint sapiente recusandae veniam soluta sunt. Dolores fuga atque dolore ipsam. Qui aut in voluptas odio rem et tempore. Tempora quia ea esse ut.','https://via.placeholder.com/150','Lebon Alexandre','Provident aut illum ullam et maxime sed quasi placeat. Minus in necessitatibus eos fugiat minima. Veritatis laboriosam quo cupiditate enim id.',1,1,'http://brunet.fr/',25),(58,12,'Consequatur officia aut.','At cupiditate id ullam suscipit. Dolores ducimus reiciendis omnis iste fugit. Sed repellendus pariatur maxime.','Lopes Margaud, Ferrand Julien, Barbier Dominique','Minus distinctio velit quibusdam. Hic molestiae vel eum. Laudantium labore excepturi consequatur facilis.','https://via.placeholder.com/150','Laurent Martin','Architecto sed corporis quas dicta. Et earum accusantium magnam repellendus accusamus illo enim. Quasi nostrum magnam rerum ullam autem a.',1,1,'http://www.parent.fr/pariatur-eius-aspernatur-tempora-natus-et-placeat-autem.html',25),(59,12,'Non qui et eum qui sint.','Aliquid sunt dolorem molestiae est maxime quia. Quas non minima sapiente ipsa et fugit qui atque. Adipisci itaque eum dolor quos necessitatibus. Voluptas vel asperiores quibusdam qui. Delectus consequuntur facilis atque.','Meyer Charles, Buisson Alain, Bonnin Michèle','Voluptatem voluptas eaque itaque mollitia. Quasi non ut et consequatur ut omnis a. Placeat aut labore dolorem cum ut voluptatem natus itaque.','https://via.placeholder.com/150','Lenoir Frédéric','Occaecati blanditiis adipisci et accusamus. Aut quo enim quibusdam quidem suscipit nostrum. Ipsum sint voluptatem asperiores sint impedit amet sint. Ut reprehenderit corporis quasi sit at vitae hic.',1,1,'http://pages.fr/veniam-sapiente-sit-asperiores-dolore-odit-est-suscipit-dolorem',25),(60,12,'Qui eum omnis ullam.','Quasi harum commodi odit temporibus et eos. Voluptatem odit cumque voluptatem vel tempora animi. Occaecati illum debitis ea.','Royer Raymond, Chevallier Julien, Laurent Georges','Est voluptatum laborum mollitia labore. Nostrum et pariatur cum ullam. Amet ab reiciendis harum consequatur laborum.','https://via.placeholder.com/150','Hubert Alfred','Aut veniam fugit officiis magnam qui occaecati illo. Ut nostrum asperiores ut harum. Placeat voluptas qui similique rem. Sed voluptates est ut similique.',1,1,'http://louis.com/unde-perspiciatis-ullam-quam-aut-nobis-facilis-iure',25),(61,13,'Necessitatibus non eaque placeat maxime et.','Sunt eius perferendis officiis ducimus delectus. Enim totam odio pariatur hic qui explicabo qui facilis. Numquam explicabo iure quam rerum a. Voluptas et rerum saepe et sapiente sint.','Petit Michel, Dumas David, Marty Pauline','Et aperiam cum magni veniam saepe est. Voluptate incidunt aliquid voluptatem illum illum voluptas nam. Iusto et laborum expedita quia numquam exercitationem recusandae. Ut iure earum et iure maxime nam.','https://via.placeholder.com/150','Guillon Augustin','Consectetur consequatur inventore provident soluta assumenda quae. In consequuntur sunt qui ea sed quo et. Ab perspiciatis dolores ut quisquam et eius. Autem ratione magni est illo possimus.',1,1,'http://rousset.org/',25),(62,13,'Perspiciatis facilis amet et incidunt.','Porro repellat tempore id provident recusandae id ut. Eveniet non eaque sunt atque et voluptas corrupti. A laboriosam totam et placeat aut est autem.','Lenoir Laurence, Guillaume Noémi, Roger Olivie','Voluptas aut aut nihil omnis cumque voluptatem quod. Et illum alias rerum. Ut qui laudantium dolorem eveniet. Maiores in aut doloremque omnis similique beatae.','https://via.placeholder.com/150','Leclerc Mathilde','Et vel omnis voluptates dignissimos iusto qui voluptatum. Corrupti nulla dignissimos nihil nemo et dolorem. Pariatur optio ea sint qui fugiat quia facilis molestias.',1,1,'https://www.gautier.com/qui-labore-sapiente-quo-voluptatem-quod-et',25),(63,13,'Iure et dolores hic.','Dolores architecto voluptate dicta similique dignissimos molestiae ratione. Ut quas quo culpa. Velit unde minus sed cum dolorem temporibus. Illum sequi eos perspiciatis tenetur molestias.','Bigot Frédéric, Texier Gérard, Guillon Audrey','Eligendi officia voluptate sint voluptatem. Non hic sunt dolore. Neque aut placeat sit deleniti est est voluptas.','https://via.placeholder.com/150','Marie Claire','Ut modi hic deleniti voluptatem. Perspiciatis nesciunt qui veritatis deleniti nihil. Ut veniam et dolores voluptatem dolorem facilis. Quia laboriosam quibusdam quo sint molestias voluptatem.',1,1,'http://texier.fr/',25),(64,13,'Recusandae eum ab quis.','Sed porro laudantium dolorum perferendis repellendus commodi dolores. Amet magni assumenda eaque repellat. Accusantium vitae eaque est sed. Quae sequi fugiat vitae qui architecto.','Besson Gérard, Laporte Jeannine, Maillard Audrey','Vitae praesentium aperiam non iusto. Sit quam itaque excepturi et.','https://via.placeholder.com/150','Brun Philippe','Maiores quibusdam aut similique occaecati rem maiores est. Sit rerum a cumque iure et consequatur. Explicabo voluptas deleniti molestiae voluptas.',1,1,'http://www.merle.fr/eaque-laboriosam-corrupti-magni',25),(65,13,'Est quo corrupti suscipit ratione ipsum.','Et reprehenderit facere vel occaecati quaerat eum. Ipsum distinctio qui a. Blanditiis dignissimos accusantium eum qui. Consequatur quaerat tempore sapiente ut accusamus ut.','Gautier Suzanne, Becker Matthieu, Marechal Thomas','Sequi qui quas autem natus. Unde distinctio dolorem ut. Alias quas aliquam consectetur. Accusamus excepturi quasi cupiditate quisquam et nostrum dolorem debitis.','https://via.placeholder.com/150','Pruvost William','Veniam architecto exercitationem explicabo officia qui magnam illo. Repudiandae asperiores aperiam quasi enim. Non quam pariatur id. Repellendus tenetur enim autem enim soluta.',1,1,'http://reynaud.fr/veritatis-sed-ipsa-eaque',25),(66,14,'Earum minima dolores eius minima.','Ipsam accusantium quia rerum odio quaerat quod. Nihil amet mollitia quo provident voluptatum eius. Et voluptatem ea debitis porro sint consequatur qui. Minima et enim dolor ex.','Bigot Noémi, Potier Anaïs, Mathieu Valérie','Sit minima laborum maiores. Harum sit numquam nemo voluptas quia quia. Repellendus molestiae omnis aut nostrum dolores molestiae.','https://via.placeholder.com/150','Guyon Guillaume','Velit alias molestiae necessitatibus. Est vel aspernatur quae voluptatem qui minus. Et qui quasi ut laboriosam commodi dolor. Modi occaecati est qui aut. Rem in voluptatum ad accusantium eaque.',1,1,'http://www.dupuy.org/consectetur-inventore-assumenda-aliquid-debitis-reiciendis-incidunt',25),(67,14,'Qui tempore maxime in debitis.','Est tempore quae totam molestiae impedit aut. Nulla illum corporis rem voluptatem. Quibusdam est debitis animi et animi reiciendis qui.','Brun Jules, Labbe Noël, Girard Brigitte','Facere quia ea nisi est omnis beatae. Velit est et fugiat molestiae quaerat molestiae facilis. Mollitia fuga praesentium recusandae magnam.','https://via.placeholder.com/150','Roux Nath','Aut qui harum atque reprehenderit qui. Asperiores repellendus reprehenderit iste laboriosam. Placeat molestiae deleniti culpa ut at. Temporibus quaerat a corrupti et.',1,1,'http://barre.org/',25),(68,14,'Voluptatem veritatis nihil sunt autem.','Est qui sit eveniet voluptatem. Non neque vel quidem minima consequatur totam. Vel est rerum ipsam nisi eum et ea. Sit enim quo magnam veritatis. Earum quo veritatis sunt et. Placeat expedita qui sint aut.','Lejeune Julien, Philippe Éric, Lebrun Lucie','Commodi optio quia dolores laborum quae qui. Error nemo doloremque dolor autem ea ut. Nihil sint commodi quia eos.','https://via.placeholder.com/150','Leclercq Aurélie','Blanditiis laborum ipsa hic maxime repellendus quo. Fuga ut itaque natus tempora enim veritatis. Soluta eligendi saepe debitis aperiam modi quam eum culpa. Blanditiis deserunt sint dignissimos nihil eum eum.',1,1,'http://bigot.com/non-vero-praesentium-ea-et-nobis-consequatur-aut.html',25),(69,14,'Dicta vero quia non.','Quia commodi ut sed quia. Modi et est et aut odit. Reiciendis occaecati numquam quis placeat libero odit. Velit doloremque aliquid voluptates sint accusamus. Quia expedita ea ut.','Bonnin Marc, Fournier Laurent, Royer Virginie','Deserunt impedit sint possimus vel tempore assumenda praesentium. Sapiente sed sit accusantium aperiam optio recusandae. Laboriosam ut ut dolorum neque voluptatem mollitia. Sed mollitia qui accusantium voluptas pariatur ea laboriosam.','https://via.placeholder.com/150','Briand Alfred','Mollitia voluptate aut blanditiis omnis cupiditate. Dolor nostrum vitae voluptatem cum reprehenderit perferendis impedit omnis. Modi labore quis molestiae quia qui cupiditate consectetur.',1,1,'http://www.leroy.fr/maiores-dignissimos-quaerat-velit-esse-repellat-sit',25),(70,14,'Enim nostrum nesciunt temporibus inventore voluptatem.','Sed temporibus ab dignissimos ut vel quaerat. Cum enim sint ratione tempore dolor ipsa optio eum. Et deserunt minus id at. Corporis ducimus molestiae dolorum libero dignissimos. Asperiores culpa nisi quam blanditiis repellat.','Leroy Isabelle, Gillet Juliette, Blin Françoise','Commodi laudantium in consequatur necessitatibus. Omnis eveniet saepe numquam sint. Autem eveniet quasi dolor pariatur quae. Architecto ratione et error. Repellendus et cum aut qui est.','https://via.placeholder.com/150','Mahe Gérard','Unde qui nam rerum est voluptatibus aliquam. Ut natus fuga mollitia provident. Veritatis animi debitis ut. Tempore quis eum nihil nemo rerum. Et odio nemo sapiente corrupti. Error ut qui nisi voluptatem.',1,1,'http://diaz.com/',25),(71,15,'Asperiores nisi dolorem quia id occaecati.','Omnis accusamus excepturi ipsa vitae. Officiis consectetur animi et quos amet ratione. Saepe ut esse quia beatae occaecati. Ut commodi dolorem numquam aut excepturi quis. Aspernatur ut fuga dolor ea.','Caron Patricia, Dos Santos Benjamin, Girard Sophie','Optio natus veritatis eaque. Quia omnis sunt vel aut doloribus similique aut eius. Mollitia similique praesentium aliquid similique aliquid. Autem sunt officiis aut quos itaque.','https://via.placeholder.com/150','Gillet Thibault','Quis accusantium natus nihil exercitationem aliquam. Culpa exercitationem ut eum quae. Suscipit modi voluptas at quisquam. Ut minus et error.',1,1,'https://faivre.org/vel-et-velit-necessitatibus-exercitationem-mollitia-molestias.html',25),(72,15,'Soluta nihil veritatis voluptas sit provident.','Ut rem dicta fugiat fugit accusantium quisquam. Eius quia repellendus officiis nam eos. Qui minus et numquam. Consequuntur sed laborum neque laudantium hic molestias ab.','Bourdon Bernadette, Boulanger Audrey, Renaud Édith','Eius harum dolore atque sapiente repellendus excepturi blanditiis placeat. Quis reprehenderit autem similique esse. Perspiciatis quis aspernatur eos officiis laudantium ut animi. Modi perspiciatis dolorum alias qui.','https://via.placeholder.com/150','Martins Gilbert','Eos deserunt voluptates totam ad fugiat et. Sapiente cupiditate assumenda nostrum in sit consectetur. Nihil necessitatibus ipsum ut sed deserunt. Aut explicabo laudantium earum dicta repellendus.',1,1,'http://colas.com/fugiat-magnam-ab-praesentium-eum-est-sit-in-accusamus',25),(73,15,'Enim nostrum aut fugit molestiae.','Esse voluptatibus voluptas pariatur ut. Earum odio et praesentium qui quae sunt ex. Numquam non mollitia sed maiores.','Raynaud Maggie, Georges Agnès, Samson Hugues','Voluptatem cum nisi praesentium sunt. Fuga numquam quia hic nihil.','https://via.placeholder.com/150','Leveque Nicole','Aperiam exercitationem commodi voluptas eum distinctio neque repellendus. Quibusdam debitis voluptatum iure amet delectus. Beatae quo itaque dolorem et consequatur. Repellendus assumenda non harum qui sint ducimus ducimus.',1,1,'https://www.gautier.fr/eaque-cumque-dicta-sint-ea-quibusdam-optio-et',25),(74,15,'Eos non amet.','Laboriosam dolor a quidem tempora. Quia labore dicta qui aut sint et sit. Sunt possimus molestias quas dolores assumenda molestias. Quisquam omnis magni est dolorem omnis molestias impedit. Qui officiis voluptatem corrupti.','Leveque Jérôme, Jourdan Émilie, Antoine François','Voluptas ut molestias sint sunt esse totam doloremque nulla. Consequatur consectetur incidunt quo amet provident cupiditate eaque facere. Perspiciatis id unde quia.','https://via.placeholder.com/150','Lacroix Bertrand','Ut ducimus dolorum ut. Dolore et est adipisci consequatur cum. Consequatur dicta dolorem illo at illum pariatur saepe.',1,1,'http://www.lemaitre.fr/consequatur-cum-ut-nam-voluptatum-saepe-accusantium-esse.html',25),(75,15,'Rerum velit harum.','Ipsum velit iste est sit. Similique consequatur et aspernatur in. Deserunt beatae numquam aut. Quo vel dolorem quae. Quis qui natus sit sit. Et rerum ipsa unde aut ut aut porro. Sapiente nobis laudantium tempora.','David Raymond, Marechal Valérie, Bourgeois Arthur','Sit eaque dolore autem minus. Aut et quod nihil deserunt id ab. Quia ut et autem libero recusandae nam. Sit molestiae autem dicta exercitationem repudiandae dolorum.','https://via.placeholder.com/150','Allard Édouard','Ex dolor voluptate architecto est enim numquam dolor. Ipsum vitae pariatur voluptatem quaerat rem ea quis. Aliquid accusantium amet qui eaque est quia est.',1,1,'http://www.boulanger.com/',25),(76,16,'Aut ullam optio harum et.','Adipisci eveniet soluta sit non aut recusandae. Cum qui odit dolorum. Cum nam illum a est deserunt. Modi quia sequi placeat perspiciatis magni tenetur.','Herve Isaac, Nguyen René, Hernandez Aimée','Sed ipsa eos vel omnis commodi. Ipsa necessitatibus id sit quo laudantium aut et. Rem vero quasi fugit in enim alias. Temporibus ad consequatur rem. Non incidunt vitae ducimus illo ut deleniti et.','https://via.placeholder.com/150','Hardy Victor','Quas libero eaque et. Recusandae veritatis accusamus impedit provident eaque et. Ipsa eligendi cumque nihil eveniet aliquam.',1,1,'https://francois.com/consequatur-mollitia-corporis-sed-saepe-laborum.html',25),(77,16,'Aliquid eaque blanditiis et neque magnam.','Dolore consequatur necessitatibus voluptas adipisci. Possimus occaecati sed dicta tempora. Id in rem itaque exercitationem omnis qui eaque perferendis.','Lemonnier Thomas, Le Roux Marguerite, Roux Élodie','Vero ut cum eaque omnis. Quo sit vel rerum aliquam corrupti placeat. Consequuntur id ut est libero est.','https://via.placeholder.com/150','Fontaine Michelle','Aliquid inventore eligendi sit voluptatem porro. Excepturi nobis porro qui voluptatum quia id ab. Et numquam corrupti asperiores quis et error corporis. Aliquid iure officia molestias voluptatem eum corrupti.',1,1,'http://www.meyer.fr/saepe-enim-non-ad-itaque-qui',25),(78,16,'Est eveniet blanditiis est ipsa.','Excepturi alias quam rerum iusto tempora. Eos optio nobis vitae in ut aspernatur voluptatem. Occaecati sit illo deleniti qui repudiandae. Eum magnam ab debitis inventore molestiae non.','Dias Jeannine, Guillon Françoise, Gauthier Michel','Magnam facilis qui omnis officiis. Et blanditiis cupiditate totam veritatis totam quis adipisci. Beatae et aut molestias et. Quaerat voluptas occaecati ut assumenda.','https://via.placeholder.com/150','Carlier Laetitia','Amet qui nam asperiores libero. Eum eum vitae quis ad. Sapiente repellendus eaque qui iure est qui sit. A molestiae harum dolores iusto qui velit.',1,1,'http://www.guillot.fr/praesentium-aperiam-quisquam-alias-perferendis-aut.html',25),(79,16,'Ut quis repudiandae odio voluptates.','Illum et odio ut qui. Velit cum nihil ad. Sequi quod sit necessitatibus sunt eaque itaque. Maiores reiciendis ducimus dolor eum. Quam rem sed ea beatae. A soluta similique magni ipsam minus voluptas.','Ferreira Claudine, De Oliveira Grégoire, Boulay Lucas','A optio earum distinctio et at est. Nostrum cupiditate quaerat recusandae temporibus explicabo praesentium est error. Culpa suscipit quia est sed vel. Reprehenderit praesentium et deleniti.','https://via.placeholder.com/150','Delmas Claudine','Molestias ut recusandae libero velit aut reiciendis iste. Ut eos nisi alias sit quam.',1,1,'https://schneider.org/magnam-enim-repudiandae-sunt-qui-qui-non-ut.html',25),(80,16,'Quia perferendis aliquam quidem mollitia voluptatem.','Et dolor iste fugiat. Veritatis saepe explicabo alias adipisci quia odio autem. Consectetur in molestias fuga quia velit nam.','Roche Élodie, Blin Adrienne, Guillaume Luc','Cupiditate animi repellendus odit. Corrupti id sit unde quo. Est rerum et consequuntur voluptatem quis. Qui illo ad laboriosam voluptas sit nemo. Qui nihil fugit at quia qui occaecati suscipit suscipit.','https://via.placeholder.com/150','Marion Alphonse','Delectus et iusto ducimus quod mollitia dolorem temporibus. Eos ratione aut qui cum et. Vitae et quasi explicabo et consequatur. Non sed nemo in eum.',1,1,'http://www.cordier.fr/doloribus-cum-quia-qui-debitis-omnis-voluptas',25),(81,17,'Rem rerum quasi.','Nisi quam cupiditate totam quia itaque sed. Quia blanditiis sed magni nobis qui aperiam quidem. Illo tempore occaecati vitae qui fuga cupiditate laborum. Nihil sint corrupti deleniti minus molestias fuga.','Picard Philippine, Herve Michel, De Oliveira Patrick','Ea quae ex sed omnis sunt facilis. Qui laborum et voluptate est aperiam. Asperiores voluptas necessitatibus reiciendis voluptas quia quis ea. Esse et dolorem qui tempora.','https://via.placeholder.com/150','Brunel Éric','Commodi et vero voluptatibus porro qui. Velit suscipit quos et earum. Voluptate natus accusamus quia eaque atque. Fugiat explicabo voluptatem porro eveniet rem nihil ipsam. A a velit consectetur.',1,1,'http://www.clement.com/in-sed-et-quasi-et',25),(82,17,'Excepturi vel sit aut corporis.','Sint enim velit nisi iste error ex sit. Et nemo nemo at quod nisi qui et. Et tempore rem iste dolorum tempore voluptatibus. Quia minus est esse repellat quam.','Clerc Hélène, Moreau Édouard, Dupuis Nicole','Vel quia cumque officia id. Ipsam et dolorem iure. Voluptatem in laudantium praesentium pariatur voluptatem. Non ratione et fugiat.','https://via.placeholder.com/150','Barbe Alexandre','Assumenda ut quas qui. Maxime aliquam excepturi odit dolores placeat magni amet alias. Vel quia inventore nulla alias. Odit minus et autem debitis mollitia vel. Aut atque consequuntur expedita. Dolore aut consectetur eaque.',1,1,'http://www.hamon.com/provident-omnis-qui-assumenda-magnam-accusantium.html',25),(83,17,'Omnis modi nobis nostrum.','Sed et doloremque perferendis consequatur nisi vero. Rerum ad alias deleniti id dolor sit. Dignissimos neque quo eos nostrum nihil. Ipsum soluta tempore eius.','Lefevre Camille, Charrier Henriette, Nguyen Éric','Ut at ea nihil quidem id accusamus ratione. Tempora deleniti aut laboriosam expedita quo iure placeat adipisci.','https://via.placeholder.com/150','Morvan Susan','Ad voluptates praesentium voluptatum aut consequatur quia. Labore totam vel quia eos. Eveniet totam ad a. Ipsum earum error quibusdam architecto quibusdam. Commodi animi ut nobis nam ipsam. Est in ratione et mollitia.',1,1,'https://delannoy.fr/facilis-voluptatem-nihil-tempora-et-dolorem.html',25),(84,17,'Tempora deleniti porro ea.','Rerum adipisci sed praesentium est aut officiis quisquam. Consequuntur quo dignissimos dolorum perferendis esse nemo. Facere et atque quae numquam ad.','Marty Nicolas, Fischer Françoise, Arnaud Rémy','Quia quia qui est qui iure. Ad fuga aut repellendus dolore. Odit veritatis sunt deleniti enim quod rerum quia id. Et enim beatae est. Dolore voluptatem laborum incidunt sed. Consequatur quis perspiciatis nihil. Nam alias et quia at.','https://via.placeholder.com/150','Breton Jacqueline','Pariatur ut blanditiis totam eos. Dicta commodi est porro iusto consequatur repellendus occaecati. Exercitationem pariatur quia molestiae qui qui nam sunt. Minus nostrum consectetur libero sed aut. Molestiae sapiente itaque laudantium ab.',1,1,'http://www.lopez.fr/aut-omnis-eos-et-occaecati',25),(85,17,'Tempora ut sit libero.','Quod aspernatur velit adipisci et sequi aperiam. Quod aliquid et iusto eligendi nihil non quae. Quis quae quasi id itaque minima accusamus dolor.','Jacquet Jérôme, Charrier Benoît, Renault Suzanne','Laboriosam voluptates excepturi sit exercitationem recusandae dolores. Ad a quam voluptatum ea. Aperiam accusantium in corrupti praesentium quia quia recusandae.','https://via.placeholder.com/150','Lebreton Christelle','Voluptates illum quam dignissimos sint quasi qui quis. Dolores quis eos qui reiciendis.',1,1,'http://dufour.net/',25),(86,18,'Qui sequi aperiam delectus.','Praesentium nobis placeat quibusdam ut reiciendis et. Aspernatur repellat est a unde laudantium inventore. Exercitationem delectus non eum temporibus.','Mercier Denise, Hoarau Lucy, Dos Santos Jérôme','Qui eum libero aliquid qui ut sint. Assumenda aut ipsa aut itaque magnam atque tempore. Quo totam illo quia fugit ipsa dolorum voluptatem.','https://via.placeholder.com/150','Bourdon Victor','Molestiae ut ipsam et quis debitis alias. Quia provident asperiores sed nihil voluptas omnis sed. Sint odit enim ea consequuntur ut.',1,1,'http://www.pinto.com/rerum-aspernatur-beatae-vel-nam-maiores-et-eum',25),(87,18,'Eius nobis nihil.','A ipsam unde enim at accusamus et. Odit consequatur assumenda est. Eaque praesentium reiciendis at sunt provident. Ea delectus blanditiis inventore ut qui odit. Et minima vel qui omnis at qui nisi.','Delmas René, Roger Maurice, Dubois Patrick','Facere quam facere ut qui aut. Qui blanditiis soluta dignissimos autem libero. Eos quam molestiae nesciunt illo alias. Officia aut expedita molestias ratione dolore.','https://via.placeholder.com/150','Clement Christophe','Eveniet hic omnis doloremque et beatae eos a. Culpa vel dolorum sit consectetur beatae et et. Et fugiat accusamus architecto possimus eligendi sit animi. Magnam non minus sunt error totam eum eum.',1,1,'http://pires.net/esse-iure-eveniet-consequatur.html',25),(88,18,'Maiores consequatur cumque dolorum natus.','Voluptate sed quasi vel iure id debitis. Magni est nostrum sit quae. Omnis quas cum maiores exercitationem molestiae rerum minus.','Roger Georges, Parent Dorothée, Pruvost Henri','Vero atque quis beatae natus illo esse. Fugiat nulla magnam quia aut. Dolores dignissimos illo nulla est dolores porro.','https://via.placeholder.com/150','Chevalier Alfred','In dignissimos occaecati molestias est facilis. Animi recusandae ducimus numquam et dolorum id et a. Explicabo facilis deleniti id doloremque. Enim qui sit laudantium distinctio autem optio.',1,1,'http://www.brun.com/vero-officia-sunt-alias-et-ullam-rem-et',25),(89,18,'Quasi dolor nemo illum.','Doloremque occaecati tempore itaque voluptatem. Ut ipsam minus nihil dolorum tempore ex nihil magnam. Ut alias officiis mollitia quibusdam ut voluptas similique. Perferendis assumenda fuga in.','Blanchet Alexandria, Martineau Nicolas, Durand Roland','Beatae vel aut consectetur eos est consequatur. Commodi vel aliquam aut. Voluptatum nisi ipsa est voluptas pariatur. Corrupti explicabo possimus sunt eos tempore at. Eaque praesentium eos laudantium asperiores ut odio sit eligendi.','https://via.placeholder.com/150','Humbert Marc','Libero inventore magni rem. Delectus deleniti reprehenderit consequatur corrupti numquam. Eum et vel consectetur dolorum. Et ipsam doloremque vero beatae. Veritatis et libero voluptas.',1,1,'http://www.gay.com/eaque-ut-quis-dolorum-esse-eligendi',25),(90,18,'Quibusdam eos ratione placeat maxime.','Id et nobis dolor quos ipsa autem quam. Voluptatibus autem sed est vero voluptatem. Eligendi rerum est nesciunt nihil.','Ribeiro Édouard, Rousseau Gabrielle, Barthelemy Jeannine','Sed tempore quia non quasi sit quis et. Maiores placeat esse quod voluptatibus rerum deserunt. Autem a omnis est fugit laboriosam quam dolores.','https://via.placeholder.com/150','Bouvier Jean','Magnam eos quia qui quidem quisquam velit. Similique reprehenderit ut hic voluptatem facere minima qui. Accusamus fuga enim qui repellat.',1,1,'http://gimenez.net/id-excepturi-dignissimos-ab-nisi-animi-veritatis-voluptas',25),(91,19,'Est recusandae sed accusantium.','Aut cupiditate fugit ut nemo iusto. Consequatur atque quibusdam et. Eos illo totam assumenda et repudiandae.','Lebon Marianne, Gonzalez Caroline, Thomas Aimée','Inventore ut quidem magni est dolor. Facilis sed aut fuga delectus repudiandae commodi. Dolores voluptatem eligendi qui qui doloremque. Rerum sint et quisquam doloribus rerum culpa.','https://via.placeholder.com/150','Morin Vincent','Quibusdam temporibus officiis ea atque. Et quidem odit qui et debitis sit hic. Voluptatem ipsam atque et corrupti dolorum dolorem et. Esse earum corrupti omnis iusto rerum vel rem.',1,1,'https://guerin.com/aliquam-id-nemo-ut-enim-similique-voluptatem-rerum.html',25),(92,19,'Voluptas nulla assumenda quidem sunt.','Eum et ut et illo. Laboriosam quia cumque magnam accusamus ex modi et. Aut autem vel enim quibusdam voluptatem.','Bonnet Gilles, Masse Gilbert, Gonzalez Alexandre','Perspiciatis non aut sed rerum similique nisi. Explicabo sed repellendus aliquam itaque. Eius facere enim enim officia et ex. Ratione eos dolorum iusto.','https://via.placeholder.com/150','Joubert Émilie','Aut adipisci dicta accusamus ut consequatur ea quam. Dicta rem consequatur vel sunt dolor quam nisi qui. Eum sed aut rerum fugit doloremque.',1,1,'http://www.briand.com/et-velit-amet-reiciendis-similique-vero-ut-sapiente-voluptatem',25),(93,19,'Maxime eos beatae molestiae.','Magni ducimus repellendus voluptas possimus sunt tempora earum et. Consequatur vel blanditiis in blanditiis. Minus voluptatem et omnis voluptatem. Eos facilis voluptas ipsum at laboriosam totam.','Guibert Anaïs, Roux René, Joseph Agnès','Temporibus impedit sed voluptatibus tempora harum. Deserunt aut accusamus dolorem odit maiores blanditiis. Id id repellat sint aut. Dignissimos commodi occaecati quam et aut qui.','https://via.placeholder.com/150','Leclercq Sébastien','Deleniti repellat labore beatae velit commodi. Nobis ad quaerat sed velit et. Dolorem eos aut omnis. Commodi beatae ullam nobis quo ut.',1,1,'https://www.samson.fr/dolores-hic-dolores-dolorem',25),(94,19,'Consequatur consequatur in recusandae.','Provident voluptas impedit facilis sunt blanditiis voluptatem natus esse. Architecto et architecto est dolor in alias. Expedita libero qui illum et aut dolores perferendis.','Gay Xavier, Pruvost Océane, Francois Nathalie','Labore cum laboriosam voluptatibus. Deleniti neque fugit autem officiis nihil ea.','https://via.placeholder.com/150','Boucher Maryse','Et qui quisquam sequi voluptatum architecto quos ut. Officiis nihil quasi maxime saepe et. Dolores et nam error ea atque laboriosam voluptas.',1,1,'http://ramos.fr/quo-autem-enim-accusamus.html',25),(95,19,'Ullam fuga molestias non fugiat.','Ut cum dolorem perspiciatis illo nihil. Sapiente dolores nostrum alias natus. Iste quis aut accusantium et. Illum voluptate id quis eum vero. Dolor soluta libero quia voluptatem. Nemo id officiis enim sapiente.','Fontaine Patricia, Masse Nathalie, Guyot Alice','Ut nihil est quo laborum ut. Quasi sunt sequi facere deleniti cum blanditiis et. Ipsum aut quibusdam qui totam.','https://via.placeholder.com/150','Launay Louis','Doloremque est sunt eveniet incidunt cupiditate sint hic. Ipsum ratione esse eligendi molestias aut autem quibusdam. Ducimus non earum aperiam officiis nobis ipsum nam laboriosam. Velit delectus sapiente velit esse.',1,1,'http://lenoir.fr/laudantium-velit-ab-ab-sint-est-quae.html',25),(96,20,'Et quas necessitatibus quis beatae dolores.','Rem magnam vel et consectetur et inventore. Ut voluptatem libero deleniti mollitia animi recusandae sint. Sit qui veritatis laboriosam et voluptatum sit.','Delattre Valentine, Baron Stéphanie, Vasseur Roland','Aut vel omnis veniam. Laboriosam voluptatibus officiis perspiciatis deserunt in praesentium ad facere. Voluptatibus ab et ullam impedit non aspernatur.','https://via.placeholder.com/150','Michaud Patrick','Consequuntur molestias quia aliquid in qui eum. Non qui tenetur est alias rerum quia. Aut ad incidunt atque labore illum eos voluptas. Quasi odit magnam quis aliquam.',1,1,'http://georges.fr/velit-consequatur-qui-cumque-nemo-qui',25),(97,20,'Nam ut nobis vitae commodi.','Pariatur eveniet voluptas quis eos. Ut qui molestiae rerum repudiandae aut perferendis ad. Velit voluptatem sint et architecto laboriosam et omnis necessitatibus.','Moreno Aimé, Albert Bernadette, Merle Inès','Exercitationem fugit nesciunt praesentium. Et dolorem corrupti nam voluptate. Laboriosam nihil ipsa quaerat et.','https://via.placeholder.com/150','Hebert Alphonse','Ex quo labore necessitatibus consequatur libero eum. Ex tenetur cum quos deleniti aut facere. Ut veritatis qui similique deserunt deleniti sequi sint.',1,1,'http://www.monnier.fr/et-vero-facere-delectus-accusamus.html',25),(98,20,'Dignissimos ea est dolor molestiae est.','Dolores ab at reprehenderit. Alias eum placeat quasi possimus reiciendis facilis ducimus. Vel ut corporis et animi dolor. Rerum laudantium perspiciatis ut omnis ex corporis omnis.','Gomez Thibault, Nicolas Bertrand, Fournier Pierre','Nostrum deserunt eos itaque quaerat ex similique. Porro facere sit omnis iusto ratione voluptatem eos nemo.','https://via.placeholder.com/150','Schneider Jérôme','Illum similique sint deserunt ducimus quia quis. Nam ut error doloremque est. Quidem et sed ipsum harum est. Aliquid sit et delectus fuga. Architecto dolore id fugiat.',1,1,'http://www.etienne.fr/magnam-quo-ipsum-expedita-illo-debitis',25),(99,20,'Unde est qui deserunt.','Est nam unde ut id neque quis quis. Quia quidem dolore officiis sit possimus minus. Nihil harum neque doloremque doloribus magnam porro doloribus vero.','Chauvet Aimée, Clement Monique, Paris Guy','Qui blanditiis autem rem eum. Sapiente veniam mollitia delectus minima nihil odio quos. Deserunt labore qui accusamus ipsa.','https://via.placeholder.com/150','Bazin Jean','Molestiae dignissimos similique magni beatae dignissimos quibusdam. Vel in omnis ea itaque nihil quasi in. Doloremque iure assumenda ut blanditiis.',1,1,'http://www.descamps.fr/',25),(100,20,'Et sit et perspiciatis aut.','Facere dolorem possimus quo eveniet minima autem. Culpa qui est laborum repellat veniam. Voluptas illum architecto voluptas.','Nguyen Daniel, Germain Timothée, Petit Philippe','At laboriosam maxime vel eos eos. Omnis voluptates nostrum et repellendus voluptatibus. Laudantium voluptatibus ea officiis et neque commodi ut. Beatae magnam culpa magnam eum voluptates velit earum.','https://via.placeholder.com/150','Grenier Margaud','Ut quisquam sint nihil distinctio qui delectus. Accusamus aut non officiis et fugiat suscipit. Reprehenderit nulla eum in doloribus consequuntur recusandae. Quaerat sed nisi ut consequatur possimus itaque itaque omnis.',1,1,'http://legendre.fr/',25),(101,21,'Nam voluptatibus soluta aut fugiat velit.','Qui nostrum maiores et fuga ut rem qui. Odit qui fugit praesentium veritatis sint rerum dolore. Cum dolor atque consectetur aut quia aut consequatur. Nam omnis sit ratione nam ut harum.','Levy Georges, Gomes Dominique, Martineau Margot','Voluptatum delectus quos tempora ratione sapiente. Harum architecto et nobis dolor ratione impedit quo perferendis. Et laboriosam et error asperiores. Quaerat rerum ex dignissimos officia accusantium est.','https://via.placeholder.com/150','Jourdan Arthur','Adipisci aliquid in quidem facilis ut quisquam ratione. Voluptas quasi optio quibusdam occaecati et quos et. Nam nihil perferendis consequatur autem. Maiores vel non ut deleniti nihil. Omnis optio porro natus neque.',1,1,'http://tessier.fr/temporibus-nihil-illum-natus-odit-qui',25),(102,21,'Doloremque ipsam voluptas optio.','Et quia molestiae sunt. Voluptatem deserunt molestias aperiam et expedita. Aliquid est ipsa laboriosam maxime quia iusto.','Baron Amélie, Leclerc Adélaïde, Francois Franck','Odit est ducimus accusantium aut non. Eos enim qui saepe fugiat dolore omnis fuga. Optio rem atque vitae a voluptatem. Officia nam et vel odio.','https://via.placeholder.com/150','Rodriguez Bertrand','Quia reiciendis praesentium in explicabo animi earum. Fuga non sequi sunt beatae nostrum eligendi. Aut numquam sint ipsum et laboriosam. Tenetur quo eos quia blanditiis ipsum iusto temporibus.',1,1,'http://gautier.com/laborum-qui-debitis-eaque-aspernatur',25),(103,21,'Minima dolorum libero expedita.','Consequatur repellat voluptatem et. Et omnis molestiae quia quibusdam eligendi. Provident voluptatibus et doloribus enim quia. Saepe dicta et voluptatem illum voluptate consectetur ea rerum.','Le Roux Inès, Gautier Marine, Thierry Noël','Earum molestias perferendis fugit quidem sequi sunt. Tenetur omnis facere sed at qui adipisci. In ipsam et quidem accusantium. Facere a ut ipsa possimus dolor nesciunt.','https://via.placeholder.com/150','Chretien Célina','A aut numquam explicabo amet tempore dolor alias. At suscipit sed omnis sunt nisi aspernatur veniam. Tenetur sunt consequatur veniam quasi omnis porro.',1,1,'http://www.coste.fr/qui-laudantium-dicta-reprehenderit',25),(104,21,'Consequatur voluptatibus nobis voluptate consectetur mollitia.','Quia voluptatem quae molestiae sed aspernatur voluptas. Excepturi quia nesciunt totam tempore. Nisi sit hic quasi iure. Facere eum eligendi ipsa sit et.','Legros Antoinette, Payet Andrée, Marty Christelle','Doloribus aut consequatur nisi ducimus laboriosam. Non dolor repellat veritatis repellendus sit. Aut aperiam ea aut rerum reprehenderit tempore vero. Et rerum ut similique quo deserunt.','https://via.placeholder.com/150','Dupuy Bernard','Deleniti provident reprehenderit libero sit qui sit ea. Neque non vel autem iste.',1,1,'http://baron.org/',25),(105,21,'Esse sit eos.','Dicta aut distinctio dolorem. Eum minima qui non ducimus magnam. Perferendis maxime cupiditate dolore laboriosam inventore. A aperiam incidunt magni quibusdam nisi et quisquam.','Le Roux Laurence, Mendes Paulette, Menard Catherine','Rerum repellendus praesentium error ad. Aut assumenda inventore dolores sint inventore quibusdam. Voluptas consectetur mollitia molestias qui sequi minima. Fuga neque magnam expedita minima. Nesciunt quaerat tenetur voluptate.','https://via.placeholder.com/150','Bailly Antoine','Non iusto nulla voluptas omnis nisi pariatur et. Est provident corporis cum labore deleniti. Recusandae est dolores et dolorum in.',1,1,'http://www.raymond.com/repellendus-aliquam-autem-est-aliquid-in-veniam-vitae.html',25),(106,22,'Sit enim qui saepe labore.','Explicabo cum voluptatem mollitia impedit voluptatibus sint iusto adipisci. Repudiandae aut tempora debitis consequatur rerum doloribus dolorum optio. Mollitia quibusdam ad aut. Numquam fuga tempora amet omnis aut quia corporis aut.','Simon Thibault, Goncalves Renée, Lopes Roger','Enim magni hic maiores et eius vel ut. Voluptas voluptatem magnam in sit. Quas in est temporibus ut voluptas fuga. Laudantium id molestiae voluptas totam. Iure excepturi sunt quaerat.','https://via.placeholder.com/150','Fischer Clémence','Nisi totam fugit perferendis non minima. In illo velit nostrum inventore nisi nulla ratione atque.',1,1,'http://www.thibault.fr/quasi-aut-quidem-necessitatibus-reiciendis-voluptas',25),(107,22,'Fugit et quidem maxime debitis.','Maiores consectetur et voluptatibus aliquid quia consectetur. Temporibus quia quod officiis suscipit recusandae fugit eum. Magni dolor nihil nam minus eligendi et amet sed.','Jean Jérôme, Bodin Océane, Tessier Christelle','Fuga vero quis in ipsum porro error dolorem. Totam tenetur laboriosam optio iusto ut sed. Quod deleniti ut autem dignissimos. Et labore laudantium et cum reiciendis officia.','https://via.placeholder.com/150','Julien Eugène','Nisi ad inventore dolores voluptatum aliquam. Doloremque et id omnis dolorem. Omnis labore ut excepturi veniam.',1,1,'https://briand.fr/occaecati-accusamus-voluptate-rem-et-ratione.html',25),(108,22,'Nam id debitis porro ut laudantium.','Aut sint natus qui voluptatem dolore. Animi est expedita velit et culpa aut. Minus qui molestiae mollitia. Voluptas deleniti eos nulla enim qui.','Blanchet Grégoire, Rossi Lucas, Leconte Alfred','Ipsa ut ut ut omnis esse tenetur corporis. Saepe assumenda molestiae eligendi rerum est tempore minus.','https://via.placeholder.com/150','Marie Agnès','Libero et omnis ut totam aut. Ullam itaque illo quis ut rem. Cumque voluptatum non qui. Quas sequi cumque modi aliquid.',1,1,'http://lucas.fr/numquam-voluptas-nostrum-voluptatem-ut-ipsum-nostrum',25),(109,22,'Rem animi et excepturi possimus.','Velit debitis tenetur aperiam voluptatem quibusdam. Enim quidem et harum quas. Doloribus aut recusandae voluptas architecto sit aspernatur eveniet.','Guyot Adrien, Riviere Robert, Henry Josette','Quia ut totam sunt rerum. Aut et quia iste dolor est. Hic laborum fugit repellendus deserunt earum et. Nesciunt qui aut perspiciatis harum. Esse ea et possimus aut quia. Mollitia ipsam ut ea repellendus.','https://via.placeholder.com/150','Tessier Bertrand','Voluptatum ut et illo autem. Est deleniti recusandae dignissimos officiis tempora. Fuga reprehenderit error libero aliquam amet rerum. Sunt aperiam omnis est similique ratione autem.',1,1,'https://www.bruneau.net/alias-consectetur-unde-repellat-suscipit',25),(110,22,'Nemo rem rem atque.','Deserunt nihil suscipit sed et temporibus. Asperiores quasi id debitis odit. Quod beatae odio vero quia eaque vitae eum ea. Quis id ut reprehenderit sed accusantium sit natus.','Barthelemy Diane, Pineau Jeannine, Robin Michelle','Atque incidunt non veniam perferendis asperiores voluptas. Maxime maiores fuga nulla cum voluptatem aut rerum. Praesentium quod et ab sint deserunt quia.','https://via.placeholder.com/150','Hardy Thierry','Labore pariatur voluptas eum asperiores iusto voluptas est quia. Enim doloremque et et vel eum consequatur. Perspiciatis ratione dolorum error omnis autem tenetur nihil. Tempora rerum expedita ullam velit quia numquam est.',1,1,'https://dumas.com/saepe-quaerat-expedita-laborum-enim-quos.html',25),(111,23,'Id omnis dolorem totam.','Incidunt recusandae sed et. Cum consequatur eum temporibus minima eum facilis saepe modi. Expedita in ipsam dignissimos incidunt. Quia commodi corrupti dolorem maiores quaerat dolor et. Consectetur aliquid velit aspernatur nesciunt.','Hamel Théophile, Leduc Frédérique, Ledoux Jacques','Odit quod pariatur distinctio dolorem autem esse dolor. A perferendis saepe in ipsum sed. Dignissimos dicta modi perspiciatis architecto provident sit voluptatem et. Quis at vitae culpa quia perspiciatis pariatur debitis aut.','https://via.placeholder.com/150','Chevalier Eugène','Quia consectetur vitae quo error exercitationem mollitia sapiente nesciunt. Est fugit nam neque molestias ut sint quam consequatur.',1,1,'http://pineau.com/aut-cumque-sed-alias-occaecati-eum-nam.html',25),(112,23,'Aspernatur eaque aliquam.','Recusandae corrupti a fugiat sint commodi quam numquam et. Asperiores voluptatem excepturi qui quo. Ullam vero aliquid quisquam minus qui eveniet. Ipsa aspernatur fugiat nam enim ut. Pariatur nihil blanditiis praesentium.','Boutin Michel, Valette Thibault, Benoit Gabriel','Voluptatem maiores in amet totam labore consequatur dolorem. Velit atque deserunt et in modi deleniti. Voluptatem dolorem libero quia architecto et praesentium.','https://via.placeholder.com/150','Etienne Virginie','Blanditiis magnam dolorem voluptatem voluptas vitae. Dolorem molestias enim doloribus ipsum totam facere. Nam ipsa non sint repellat id vitae sequi.',1,1,'http://www.fernandez.fr/deserunt-officiis-assumenda-quisquam-dolore-at-consequatur.html',25),(113,23,'Doloremque vel a.','Ut sed optio est dolorem perspiciatis odio est error. Amet iure ut natus deserunt eligendi. Est est reprehenderit vero in optio nesciunt. Hic placeat atque vero quos voluptatem dolores. Quaerat incidunt tempora iusto quod.','Pinto Marie, Blanc Anaïs, Etienne Grégoire','Et modi quos aut ab pariatur cum iure ea. A blanditiis veritatis quidem quis dolorem nihil. Nisi maxime voluptatem a qui. Similique perferendis dolores neque sint ut praesentium architecto et.','https://via.placeholder.com/150','Delahaye Jérôme','Reprehenderit perspiciatis voluptate quia qui provident dolorum. Quis dolores et odit quos. Dolorem ut earum deserunt iusto. Repellendus modi labore vel consequatur et est quis. Porro rerum consequatur sit maiores aut odio.',1,1,'http://www.antoine.org/natus-sit-natus-ut-eligendi-laudantium-non-velit',25),(114,23,'Saepe temporibus ipsum.','Corrupti aut incidunt quasi perferendis sit et. Voluptate aliquam non enim qui in omnis mollitia doloribus. Quas fugiat illo perferendis et magni tempora.','Grondin Auguste, Baudry Alexandre, Robin Margaud','Repellat nesciunt laudantium corrupti laboriosam cum. Quis velit quas voluptas. Aperiam nam autem quisquam temporibus est dicta. Temporibus sunt sunt unde nostrum aliquam. Dolorem voluptatem voluptatem sunt quam ad vel debitis.','https://via.placeholder.com/150','Cordier Franck','Illum voluptatem facilis veritatis aut id officiis distinctio. Sed qui aspernatur est magnam. Excepturi quia iure quisquam voluptatum vero. Omnis autem aut mollitia suscipit et excepturi distinctio ullam.',1,1,'http://www.lemaire.net/sunt-ullam-consequatur-eveniet-placeat',25),(115,23,'Fuga quia nihil eius eos eveniet.','Enim minima illum veritatis consequatur. Cupiditate molestiae nihil eos ut. Delectus tenetur inventore unde velit rem earum est. Et et tenetur repudiandae dolorum repellat nobis animi.','Pichon Alain, Coulon Denise, Benard Suzanne','Qui quis recusandae ab vel illum. Illum veritatis aspernatur et nulla provident ab. Expedita iusto et distinctio autem. Est ut ut aut non perferendis ut.','https://via.placeholder.com/150','Marty Olivier','Corrupti quia sit veniam molestias possimus. Quisquam maxime omnis culpa rerum. Consequatur autem impedit doloribus consequatur. Dolorum magni est explicabo aut.',1,1,'http://berger.com/',25),(116,24,'Sit ea nihil vel.','Voluptates quia maiores autem sit. Ut minus exercitationem ducimus ut. Et consequuntur pariatur tempore sunt et. Ea quidem autem delectus ullam. Aut possimus distinctio aliquam et exercitationem.','Martins Léon, Wagner Alexandrie, Moreno Philippine','Esse quas ducimus ullam dolores id dolores ea. Culpa debitis maiores deleniti voluptatem quam voluptate expedita occaecati. Quae facilis labore dolores a officiis aut.','https://via.placeholder.com/150','Gautier Lucas','Omnis natus ipsum aut ipsa tempora dignissimos. Totam in vel autem consequatur ut eum expedita officiis. Est quia est numquam dolorem quos ut vel. Quo sint eos rem eos.',1,1,'https://perrier.fr/aut-aliquid-sint-quis-nam.html',25),(117,24,'Quibusdam blanditiis aspernatur incidunt eius.','Voluptate et minus occaecati id. Earum consequuntur nobis quam non. Quas doloribus praesentium aut ducimus optio soluta autem ut.','Lopez Roger, Potier Manon, Cohen Michèle','Et delectus laudantium temporibus harum nihil illo. Dolorem minima doloremque rerum voluptas officia. Quisquam eos inventore illum et et quia. Fugit sint fugit delectus laboriosam enim.','https://via.placeholder.com/150','Gonzalez Gabrielle','Esse et illum quidem quas. Rerum est saepe qui repudiandae voluptas sapiente. Non quia nihil est quam aperiam est. Praesentium est voluptatem qui.',1,1,'http://www.millet.com/ut-aliquam-eveniet-iusto-cum-perferendis-est-consectetur.html',25),(118,24,'Beatae qui quasi sed omnis qui.','Iusto occaecati enim quis consectetur deleniti voluptatem iste. Quia aliquam aspernatur voluptatibus minus saepe. Reiciendis eligendi omnis veritatis culpa. Quae sunt commodi placeat ipsam repellat.','Samson Augustin, Simon Mathilde, Fontaine Alphonse','Totam repellendus et beatae unde corrupti saepe incidunt. Quo suscipit sed nemo provident. Quam iste cupiditate ut. Nulla consectetur officiis at aliquam corrupti. In illum placeat harum sed. Ipsa eos sit non nemo cumque.','https://via.placeholder.com/150','Valentin Lucas','Aperiam ipsa iure corporis ad esse laborum. Doloremque enim tempora harum ut necessitatibus. Odio ut minus totam.',1,1,'http://normand.com/id-unde-aut-ipsa-voluptate-aut-molestiae',25),(119,24,'Modi rerum maxime.','Dolor eum velit fuga eos. Itaque mollitia deserunt ab. Ad et tempore sunt iure quia error magnam quis. Laborum reiciendis eligendi fugiat odit quis voluptatem.','Guyon Gilbert, Meunier Julien, Lecoq Corinne','Sit qui sed perspiciatis accusamus fugit voluptate aut. Rerum fuga nam quia repudiandae quidem amet cum. Autem animi ut sed nihil.','https://via.placeholder.com/150','Jacob Alix','Corrupti cumque aut qui voluptatem iste omnis facilis. Consequatur sed sit vitae eius eius sed. Eaque aut porro blanditiis. Enim soluta nemo commodi et. Eveniet omnis neque non soluta.',1,1,'http://benoit.com/consequatur-dolorum-et-voluptatum-eum-minima-saepe-molestias-ut',25),(120,24,'Nihil veritatis soluta enim.','Labore nisi unde harum tenetur recusandae velit quis doloribus. Vel sunt nihil reprehenderit blanditiis fugit. Dignissimos quo unde nisi dicta sunt qui.','Lemaitre Richard, Delaunay Pierre, Muller Monique','Ut fugiat debitis aperiam magnam voluptate. Qui perferendis minima quisquam facere asperiores qui et. Iusto et neque molestiae similique ut. Aliquam odio excepturi blanditiis. Dolor aut mollitia dignissimos qui.','https://via.placeholder.com/150','Devaux Xavier','Culpa culpa earum et rerum dolorum nobis. Vel est ut at. Illo eum ipsa ut error aliquam modi sint. Quidem nemo consequatur est aperiam ut ipsa sit.',1,1,'http://blot.net/exercitationem-consequatur-neque-qui-repudiandae-necessitatibus-architecto-non',25),(121,25,'Repellendus et non commodi illum.','Ullam minus et quae assumenda odio sunt asperiores. Quo inventore magni qui sequi. Tenetur error consequuntur rem beatae.','Leconte Pénélope, Collet Louis, Pottier Andrée','Consectetur labore debitis reprehenderit ea doloremque consequuntur sed est. Error eos atque quia voluptatem rem quaerat voluptate. Officiis consequatur amet nulla nihil culpa enim. Fugiat in ut reiciendis aut. Est ex autem minima culpa.','https://via.placeholder.com/150','Godard Caroline','Labore saepe eius non earum ad nihil voluptas. Aut eveniet laboriosam sed qui saepe nam voluptas consequuntur. Qui distinctio harum vero pariatur aliquid dolores et ut.',1,1,'http://www.fouquet.fr/',25),(122,25,'Placeat omnis sequi quis.','Temporibus commodi qui rerum atque. Consequuntur nihil nam incidunt vero. Corrupti enim reiciendis est non consequatur voluptatum a. Fugiat cumque architecto qui vitae consequatur voluptates ex.','Lamy Alphonse, Baron Antoine, Diallo Franck','Eius quae error mollitia harum explicabo ut ipsa. Quam officiis quasi beatae assumenda et animi.','https://via.placeholder.com/150','Boulay Sophie','Ipsum repellat ullam id accusamus. Omnis optio fugit officia aperiam. Nesciunt et quis sit hic nemo accusamus. Sapiente molestiae aut et enim praesentium iste.',1,1,'http://www.berger.fr/eligendi-doloremque-iste-dolor',25),(123,25,'Qui aut aperiam officia.','Sunt est voluptatem cupiditate eligendi reprehenderit. Alias libero excepturi magnam natus sed. Ad hic delectus consequatur quas ut. Quo aspernatur delectus est sunt omnis fuga ut.','Vallet Guillaume, Gosselin Anouk, Jean Julien','Qui voluptas nam natus aut reiciendis quis dolorem. Sunt qui et ut. Tempora temporibus expedita non eum alias. Voluptatum officiis aut voluptas placeat voluptatibus eos voluptatem. Cupiditate aperiam et dolorum non corporis.','https://via.placeholder.com/150','Laporte Susanne','Perspiciatis et voluptates praesentium accusantium culpa occaecati consequatur. Impedit quasi occaecati totam unde rerum vel dolorem. Nihil quae ipsum corrupti eaque fuga.',1,1,'http://valette.org/modi-sit-voluptates-eos-et-nihil-nihil',25),(124,25,'Amet ipsam exercitationem sequi quam in.','Laboriosam omnis voluptatibus quia impedit. Repellendus enim illo quasi iure.','Marques Philippe, Chevalier Manon, Carlier Émilie','Quasi quis blanditiis velit praesentium possimus quae perferendis aliquam. Exercitationem rem tempora culpa voluptas molestias cumque. Laborum voluptatum non libero magnam. Aliquid incidunt nihil et aspernatur magni.','https://via.placeholder.com/150','Joseph Valérie','Eum aut velit ratione a nostrum dolorem aliquam. Laborum porro id velit.',1,1,'http://www.martin.org/saepe-incidunt-suscipit-sequi-sed.html',25),(125,25,'Quas qui quas dolore.','Eum fuga modi nihil excepturi et dolor quos. Repellendus doloribus dolores quia quae id quia et. Aut sequi tenetur suscipit. Numquam voluptate consequatur non harum accusamus sint.','Lecoq Marcelle, Martin Patricia, Samson Philippine','Voluptatem voluptatem dolores in deleniti ratione nostrum ratione. Aut ad laudantium architecto repudiandae iusto libero odit.','https://via.placeholder.com/150','Perrin Paul','Non ex fugiat et saepe omnis doloribus maxime. Quisquam sequi quos rerum consectetur voluptas quisquam. Non voluptas omnis atque quia non quidem aut. Reiciendis culpa facilis consectetur.',1,1,'http://www.weiss.org/explicabo-laborum-tempore-temporibus-autem.html',25),(126,26,'Doloremque molestias similique quisquam vel.','Totam voluptatem error sunt nesciunt qui sed omnis id. Ipsum laborum exercitationem hic enim error. Autem sit vel sit doloribus blanditiis est ratione. Quo eos corrupti id enim rerum vero quia.','Payet Anne, Boutin Noël, Ollivier Xavier','Atque cumque neque accusamus repudiandae qui. Laboriosam debitis quia sunt aperiam velit voluptatem. Labore ratione qui non ab. Ut nostrum magnam natus fugiat.','https://via.placeholder.com/150','Perrier William','Laudantium quaerat qui dolores aut et debitis. Eaque molestiae consectetur nobis. Nobis autem explicabo perferendis tempora asperiores.',1,1,'http://lagarde.fr/laboriosam-non-qui-nobis-ea-accusamus',25),(127,26,'Et soluta iste dolore reiciendis.','Rem occaecati sunt beatae eum cumque rerum. Aspernatur voluptatum ut aut. Pariatur accusamus itaque reprehenderit fuga. Itaque tempore id vero magnam facilis occaecati incidunt.','Faure Christelle, Navarro Agathe, Boulay Thierry','Eum aliquam praesentium qui iure repudiandae cumque. Magnam quibusdam itaque voluptates. Voluptate id voluptas voluptas enim ut provident. Rerum alias vitae dolor aut molestiae consequuntur.','https://via.placeholder.com/150','Bousquet Isaac','Provident numquam fugit quia optio autem ea. Blanditiis sunt maiores commodi sint nam. Voluptatum sunt beatae dolorem quia. Autem sequi a cupiditate. Facilis sed eaque eum et et nobis vitae iusto. Veniam assumenda ipsa ipsum consectetur.',1,1,'http://masse.fr/voluptas-sequi-repudiandae-vitae-quia-culpa-harum',25),(128,26,'Ratione esse vel numquam deleniti ratione.','Veritatis impedit esse sint et eaque nihil. Quia aliquid architecto quo est minus. Aliquid consequatur omnis unde nihil minima.','Meyer Jérôme, Charpentier William, Bernard Gabrielle','Ex molestiae est aspernatur et laborum ullam itaque error. In repudiandae praesentium et deleniti odit vel est totam. Assumenda mollitia et sed. Deserunt ut doloremque doloribus accusantium error in non.','https://via.placeholder.com/150','Perret Manon','Autem aut et dolorem nihil et reprehenderit. Rerum neque dolores magnam sed beatae ut delectus veniam. Culpa est est ut commodi libero eum.',1,1,'http://www.charles.com/',25),(129,26,'Repellendus consequatur necessitatibus veritatis repellat.','Ducimus officia est blanditiis sed consequatur amet. Soluta et unde unde reiciendis enim. Repudiandae neque iure est praesentium laudantium autem maiores. Similique qui illo officiis.','Auger Émilie, Maillot Jules, Ferreira Sylvie','Dignissimos nesciunt porro sed architecto est aut sint. Qui aut totam qui nisi ut praesentium. Quibusdam ea illo consequatur. Culpa quia et vero distinctio accusamus dolore.','https://via.placeholder.com/150','Millet Isaac','Molestiae molestiae quia deleniti in minus dolores. Quis placeat labore facere eum. Atque nam natus consequuntur ut autem.',1,1,'http://julien.com/',25),(130,26,'Non facilis molestiae.','Consequatur sint est fuga numquam et. Facilis provident id nihil est optio. Sint debitis maiores corporis. Est molestiae non corporis modi consequatur corrupti ab.','Carlier Alphonse, Picard Bernadette, Vidal Roger','Inventore dolor aut sunt error. Et qui reiciendis distinctio est non vel omnis. Quia consequuntur ea nam mollitia aut doloremque deleniti. Minus fugit id adipisci ipsa voluptas est.','https://via.placeholder.com/150','Dumont Susan','Quo sapiente asperiores perspiciatis aut enim ex expedita. Esse ullam consectetur nihil ea ad rem. Quidem reiciendis voluptas eius dolores et.',1,1,'http://gomez.com/quam-officia-delectus-quibusdam-assumenda-tempore-nesciunt-ea',25),(131,27,'Atque voluptas aut qui qui dolorum.','Cupiditate rerum non reprehenderit enim non. Architecto molestiae unde quam consequatur rem. Magni sapiente voluptas dicta sit mollitia dolor reprehenderit. Provident id reprehenderit iure praesentium.','Hebert Maryse, Benard Émilie, Lemoine Thérèse','Aut sed reprehenderit quaerat saepe sapiente et. Vitae nam velit labore architecto. Nulla ut consequuntur voluptas et et. Assumenda aspernatur explicabo quos.','https://via.placeholder.com/150','De Oliveira Bertrand','Nostrum consectetur necessitatibus ducimus doloremque. Quibusdam odit quis est totam et esse. Explicabo neque velit perspiciatis magnam. Sunt unde esse fugiat.',1,1,'http://www.charpentier.com/doloremque-aut-quaerat-saepe-qui.html',25),(132,27,'Rem ex suscipit delectus quia.','Enim aperiam odio omnis. Dolore nihil officiis voluptatum fugiat quo libero totam. Voluptates reprehenderit velit et eligendi magni eos.','Guilbert Éric, Ferrand Hugues, Techer Chantal','Et qui rerum consequuntur et iure. Sed est debitis est aperiam animi perspiciatis exercitationem. Nihil ipsa veritatis consequuntur distinctio fugiat qui.','https://via.placeholder.com/150','Brunet Christine','In aut iusto deleniti dolores ut quis. Suscipit aut repudiandae sit adipisci. Ea aut facere aut ut. Perferendis aliquid fugit aut ea sit debitis. Rem quibusdam ut eius quibusdam nemo perferendis reprehenderit.',1,1,'http://breton.com/repudiandae-culpa-illum-libero-cum-vel-cupiditate-rem',25),(133,27,'Ut debitis quisquam doloremque voluptates et.','Rerum est harum accusamus. Assumenda laboriosam possimus unde nihil eum quo. Eos et consequatur magni esse. Corrupti eius sed sunt eum.','Noel Matthieu, Diaz Christiane, Guichard Gilbert','Autem ea aperiam repellendus sapiente dolore. Qui sapiente voluptatem omnis voluptatum harum. Esse possimus et quas culpa similique distinctio. Eius provident sint quae id.','https://via.placeholder.com/150','Lelievre Alexandrie','Veniam delectus saepe quos eligendi officiis perferendis. Deserunt cumque expedita facilis et voluptatum. Est ullam error est nulla reprehenderit voluptas voluptate. Sed in eum ut incidunt.',1,1,'http://boutin.net/tempora-qui-rerum-illum-doloribus-vel-voluptatem-ex.html',25),(134,27,'Enim incidunt quia amet quos.','Nihil ut et est accusamus est et dolores. Architecto autem commodi voluptatem odit cupiditate. Non laborum quia eveniet sunt.','Francois Agnès, Barre Roger, Lemonnier Pauline','Hic doloribus ab maiores ex maiores. Enim officiis delectus voluptatibus exercitationem dolorum sapiente. Repudiandae eum libero maiores enim qui voluptatem iste.','https://via.placeholder.com/150','Rousseau Alfred','Ut assumenda perferendis aut ullam. Nostrum amet velit ut delectus. Esse consequatur sit beatae doloribus rerum deleniti ad.',1,1,'http://www.courtois.fr/in-dolore-praesentium-in-debitis.html',25),(135,27,'Doloribus quia culpa.','Eum veniam temporibus nisi praesentium mollitia quia. Expedita soluta repudiandae nostrum qui repellendus. Iure rem quaerat qui dolor repellat voluptate.','Pires Matthieu, Briand Patrick, Sauvage Nicolas','In ratione et rem cupiditate. Et voluptas laboriosam dolores mollitia repudiandae. Amet totam sed provident reiciendis magni esse. Non illo ex illum cum repellendus enim blanditiis.','https://via.placeholder.com/150','Riou Dominique','Nostrum a iure laudantium qui. Quia aspernatur est similique.',1,1,'http://www.hebert.fr/aut-quia-ut-et-voluptatem-rerum-repellat-qui-voluptatem',25),(136,28,'Modi commodi atque.','Unde molestiae cum sequi odio consequatur quis. Aut et impedit non cum eaque sint hic. Dolores eius repellendus necessitatibus rerum aliquid voluptatem distinctio.','Verdier Émilie, Berger Adrien, Weber Lucie','Vitae numquam dicta natus doloribus temporibus corporis dolor facere. Ad assumenda error vel officia aliquam. Et consectetur possimus corporis rem. Necessitatibus similique et repellendus eligendi rem.','https://via.placeholder.com/150','Leleu Colette','Neque rerum rerum nihil quos. Ipsam aut qui et laborum quidem veritatis amet. Cupiditate rerum et hic. Dolores quam quibusdam qui reprehenderit et. Deleniti ut est et. Inventore qui deserunt fugit quia aliquam.',1,1,'http://www.lelievre.net/qui-ratione-ut-velit-iusto-beatae-reiciendis-vero-et',25),(137,28,'Ut officiis quo maiores ut.','Fugit vel sed iste rerum voluptate corrupti ut rem. Consequatur cumque reiciendis ratione magnam dolore molestiae commodi. Dolor consectetur necessitatibus error aut eligendi laboriosam.','Ruiz David, Rossi Henri, Durand Honoré','Quia est repellat et. In eius temporibus et nemo est. Voluptates id temporibus voluptates voluptas iusto est dolor. Ullam est architecto nisi et.','https://via.placeholder.com/150','Chauvet Jean','Inventore nobis quos nemo expedita est consequatur. Corporis omnis officiis soluta aut et odit minus. Dignissimos sed et natus fugit officia et impedit.',1,1,'https://www.riou.fr/debitis-porro-rerum-dignissimos',25),(138,28,'Autem quia dicta enim voluptatum.','Mollitia ipsa consectetur totam quia et. Illum sint mollitia asperiores beatae. Laborum ducimus ab quo est nam temporibus in. Sint quae dolor blanditiis rerum sint dolor est. Distinctio qui velit sed ab.','Dupont Augustin, Brunet Christiane, Colas Richard','Ut ea quia ipsam ut possimus natus omnis voluptate. Voluptas porro asperiores soluta at distinctio necessitatibus. Velit dolores ut et sed deserunt et nobis.','https://via.placeholder.com/150','Marie Vincent','Voluptatibus ab odit asperiores voluptatem quidem error fugit. Consequatur aspernatur laboriosam quis deserunt recusandae distinctio autem magnam. Recusandae sapiente ut vel amet culpa doloremque minima aperiam. Sit enim sint corrupti.',1,1,'http://leblanc.fr/vitae-quia-et-est-quia-dolores.html',25),(139,28,'Repellendus et quibusdam nostrum.','At sunt vel adipisci. Dolorem dolorum dicta et perspiciatis impedit. Nihil dolore reprehenderit minima voluptatem.','Dupuis Olivie, Berger Simone, Fontaine Sophie','Corrupti voluptate molestiae est et veniam quos neque. Doloribus aut qui suscipit. Sed quos illo odit corporis animi. Ut recusandae aut vel quisquam quod rerum.','https://via.placeholder.com/150','Coste Nathalie','Ipsa sit veritatis occaecati doloremque necessitatibus sit. Tempora error ut aut doloribus. Inventore ea quam sit. Veritatis deleniti quaerat velit unde ex.',1,1,'http://www.guillot.fr/beatae-voluptatem-autem-iusto-et-aperiam',25),(140,28,'Aut molestias ipsam.','Quaerat sint exercitationem aut dicta nihil vero. Omnis illo et ab ut rerum natus commodi. Perferendis quo dolores quibusdam vel.','Ribeiro Emmanuel, Hardy Georges, Pires Jérôme','Et neque vitae voluptatem ut modi esse. Doloribus eum dolores consequuntur molestiae voluptatem rerum placeat. Ab doloribus veniam inventore aut itaque. Itaque natus explicabo consequatur atque in.','https://via.placeholder.com/150','Rocher Margot','Voluptas temporibus sequi est et rerum dolorum sint nihil. Eos temporibus ut dolores rem ut. Accusamus sunt consequuntur id deleniti eius. Tenetur similique nostrum dolorem quia commodi omnis deleniti modi.',1,1,'https://marchand.com/omnis-tempore-perferendis-sed-aperiam-aliquam-soluta-quis-modi.html',25),(141,29,'Itaque natus quidem voluptates occaecati.','Quae quia sequi nihil. Autem neque ut iure et laboriosam nemo. Et et in occaecati. Qui minus eveniet pariatur culpa.','Giraud Claude, Dumas Richard, Gaillard Thibault','Velit iste doloribus quis aut. Magni placeat et et modi sed. Dolorem expedita dolor et vitae. Consequatur perferendis vel odit aut sunt.','https://via.placeholder.com/150','Bonneau Adélaïde','Autem quisquam molestiae magni in et et quod alias. Nulla et quod et voluptatem et consequatur. Voluptas repellat in sed. Aliquam ut cupiditate unde corporis nulla.',1,1,'http://www.techer.net/quia-nesciunt-eum-dolorum-est-mollitia-repudiandae-tempore.html',25),(142,29,'Nobis laudantium cupiditate aut.','Dolor alias blanditiis est accusamus. Iusto ducimus ab praesentium qui. Facere dicta fugiat occaecati ut amet ab voluptas minus.','Teixeira Amélie, Bigot Gilbert, Lejeune René','Eos ea exercitationem at excepturi sit odit tenetur. Vel incidunt voluptas sed odio qui consectetur perferendis. Vero molestiae eius et consequuntur. Recusandae sapiente atque officiis et porro aperiam enim iusto.','https://via.placeholder.com/150','Rocher Olivier','Quisquam fugiat porro reprehenderit illo. Repellendus architecto error sed iste quo cupiditate quasi. Voluptatem ut sint quidem dolore facere. Similique eum mollitia a eligendi.',1,1,'http://www.gaillard.fr/',25),(143,29,'Nesciunt sit veritatis ducimus.','Tempore aut odio labore omnis. Et et velit velit. Magni sit similique laudantium dolores ad animi.','Gonzalez Sabine, Albert Constance, Jacquet Gabriel','Qui praesentium natus ea vero et. Minus eveniet et sed fugit qui consequatur voluptas.','https://via.placeholder.com/150','Regnier Richard','Mollitia incidunt voluptatem ut voluptas saepe unde aut. Animi et rem eius ut reiciendis officiis iste consequuntur. Illo autem in eaque ex non.',1,1,'http://boulay.fr/laudantium-qui-laborum-optio-et-repudiandae-corporis-error-molestiae',25),(144,29,'Aut omnis sunt cum modi.','Eligendi voluptate sed a harum eum qui omnis. Dolore voluptatem et non aut pariatur. Similique fugit doloremque velit voluptatem voluptas.','Delattre Valérie, Lemonnier André, Peron Laure','Itaque molestiae quaerat quo. Eum quibusdam praesentium fuga quis optio blanditiis aliquam. Nemo blanditiis quasi qui doloribus accusantium velit et consequatur. Et aperiam tempore inventore velit eius consectetur soluta.','https://via.placeholder.com/150','Ruiz Frédéric','Aut sit iusto at enim quo quasi. Voluptates sit et qui nostrum qui et sed. Ut exercitationem enim perspiciatis vel itaque. Suscipit assumenda reiciendis delectus explicabo est. Aut distinctio fugit cumque.',1,1,'http://traore.net/odit-quae-veniam-iste-quia-nihil-quia',25),(145,29,'Facilis adipisci quos alias.','Ratione omnis illo repellendus saepe magni cum. Est nihil incidunt quia sunt maiores.','Pichon Adrienne, Raynaud William, Paul Christophe','Similique qui ut pariatur autem ut repellendus. Dolore ut architecto consequatur voluptatem. Consequatur libero voluptas iste. Consequatur voluptas occaecati eaque debitis fugit rerum et. Sint beatae et accusamus voluptate ducimus commodi.','https://via.placeholder.com/150','Delorme Rémy','Perspiciatis ex labore sit aliquam dolorum aut. Sunt iure culpa perferendis reiciendis deleniti reprehenderit aut. Quo minima voluptatem necessitatibus velit sed quas iure.',1,1,'http://www.delmas.org/dolores-velit-eum-eos-accusantium-iure',25),(146,30,'Velit in rerum ullam aut.','Sunt consequatur qui ab possimus laboriosam omnis. Minus eligendi nihil rerum rerum accusantium consequuntur aliquid sed. Repellendus omnis repellat quisquam recusandae. Totam eum nisi itaque.','Verdier Gabriel, Ollivier Inès, Valette Danielle','Suscipit non culpa sed facilis. Temporibus aut eos voluptatem repudiandae. Autem ducimus ex consequatur aut sint inventore. Mollitia numquam rerum vero nostrum doloribus maiores ut. Magnam dolorem aut non omnis modi.','https://via.placeholder.com/150','Neveu Gilbert','Minima voluptas ex non nam voluptatibus facilis. Alias consequatur recusandae omnis est velit et. Dolorum delectus libero totam quia qui molestiae et. Eos aut occaecati nisi et.',1,1,'http://www.herve.com/ex-illum-reprehenderit-adipisci-et-officiis-qui-hic',25),(147,30,'Non iste autem ut.','Similique sed voluptate voluptates voluptatum quae corporis dignissimos autem. Laborum dolor numquam dolorum non soluta sunt dolores.','Rossi Virginie, Hernandez François, Reynaud Chantal','Laborum omnis quas omnis quia vitae ducimus. Totam consequatur quod autem voluptate vero. Sint in maxime dolorem est ut neque laudantium debitis. Quia dolorem facilis molestiae enim quibusdam ea.','https://via.placeholder.com/150','Hamon Aimé','Rem sed dignissimos accusantium omnis aut eos aut et. Nemo eos facilis ducimus est architecto expedita dolor. Reprehenderit voluptatum totam voluptates odit sunt. Soluta labore eum voluptatem impedit.',1,1,'http://www.perrin.fr/soluta-quam-quis-doloremque.html',25),(148,30,'Doloribus assumenda sed voluptatum expedita.','Aut dicta consequuntur molestias accusantium voluptatem excepturi iure. Necessitatibus facere aspernatur vero velit qui velit optio quis. Qui aliquid quam ut ipsa cum non.','Gerard Martin, Lefebvre Dorothée, Schneider Jérôme','Quidem tempora quaerat labore nihil voluptatem rerum. Facere minima nam in qui. Molestiae aut qui sunt alias ipsam et. Debitis ut quo eum ipsum quidem. Dolores porro est officiis iste aut quis recusandae. Dignissimos aut id accusamus ab.','https://via.placeholder.com/150','Barbier Thérèse','Omnis voluptates dolores ut impedit. Mollitia voluptatem quia et rerum omnis voluptatem. Inventore in rerum aut dolorem veritatis. Et et sit et praesentium ab et omnis consequatur.',1,1,'https://lesage.org/quisquam-facere-sit-ea-sint-et.html',25),(149,30,'Veniam libero quia tempore cum.','Aut explicabo at amet excepturi dolorum nobis aut. Beatae et nihil incidunt consequatur temporibus aliquam. Necessitatibus omnis ducimus ratione est.','Lebrun Matthieu, Blanchet Océane, Lenoir Alphonse','Exercitationem saepe temporibus earum sed blanditiis. Molestias nihil aliquam dolorum hic ut quisquam amet distinctio. Recusandae corrupti asperiores corporis occaecati recusandae temporibus aliquam vero.','https://via.placeholder.com/150','Cordier Jean','Nobis est non ad saepe. Est ex illo et voluptatum ut et natus est. Quam atque dolor maxime qui.',1,1,'http://bernard.com/tempora-pariatur-in-et',25),(150,30,'Quia molestiae veniam mollitia molestiae omnis.','Natus beatae et possimus eveniet incidunt sunt. Odit voluptas possimus voluptas officia necessitatibus quis. Et suscipit repellat magnam tempora et vero. Excepturi dicta facere nihil qui autem.','Dijoux Céline, Rocher Christelle, Gautier Colette','Eos sunt explicabo aperiam et temporibus culpa illo quo. Qui et est deserunt laborum fugit. Cumque ut qui necessitatibus perferendis molestias eligendi officiis.','https://via.placeholder.com/150','Carre Brigitte','Natus corporis aut alias qui. Provident blanditiis eligendi quos temporibus rerum aspernatur. Ipsa ex dolor atque repudiandae esse eius cumque.',1,1,'http://hoarau.org/fuga-aspernatur-quas-dolor-velit-illo-autem-voluptatum',25),(151,31,'Non id veniam.','Eius enim et voluptatum eius non. Rerum est sequi illo rerum non id a. Eveniet maiores numquam ut eos placeat.','Ribeiro Lorraine, Laurent Aurore, Boutin Gabriel','Id error consequuntur dolorem officia dolorem ut voluptatem. Labore qui minus quis. Qui repellendus voluptas aut nobis. Accusantium vitae optio animi expedita et quia provident inventore. Omnis ut nam corrupti consequuntur.','https://via.placeholder.com/150','Jacob Vincent','Atque qui soluta quis. Doloribus id ipsam porro aut et velit id. Placeat officia asperiores et praesentium eius. Et laborum sit qui qui ut.',1,1,'https://dumont.com/ut-distinctio-optio-et-ducimus-officia-voluptas-nihil-nulla.html',25),(152,31,'Consequatur repellat voluptates quam sunt.','Dolores illo excepturi aliquid sed laudantium. Iusto tenetur aut quis aut. Voluptatem doloribus nemo quasi quia.','Goncalves Véronique, Brunet Margot, Remy Éléonore','Impedit nemo aut maiores. Exercitationem dolorum autem minima recusandae ut est. Nemo autem iste tempora impedit eveniet mollitia.','https://via.placeholder.com/150','Faivre Zoé','Totam asperiores in est aspernatur sint. Sit iste occaecati ullam iusto voluptatem quia pariatur tempore. Autem quidem est distinctio. Maiores earum dolor aut quo.',1,1,'http://bazin.fr/beatae-omnis-delectus-excepturi',25),(153,31,'Tenetur ea voluptate repellendus vel.','Sit aliquid nemo eos qui. Debitis esse sapiente et assumenda. Saepe aperiam sit fugiat ipsa sint id. Debitis autem molestias est et consequatur.','Hardy Paulette, Guibert Benoît, Auger Alexandre','Nulla minus vitae voluptate enim et dolorem quam. Blanditiis voluptatem quaerat illo laboriosam. Voluptates quia quidem ullam numquam soluta. Sit dolores et voluptas placeat mollitia molestias unde doloribus.','https://via.placeholder.com/150','Maury Virginie','Cum quae ratione odio. Qui facilis quo ut quisquam eum ipsa et est. Aut occaecati voluptatibus nemo excepturi nam. Aut quia quod natus non ut.',1,1,'https://www.denis.fr/voluptas-et-ratione-fugiat-ea-natus-veritatis-distinctio',25),(154,31,'Minima perferendis iste iusto.','Porro autem et expedita et omnis ab libero. Possimus qui magnam nulla officiis ea non magni nihil. Praesentium culpa porro eos aut. Ducimus distinctio hic doloremque modi accusamus.','Dias Capucine, Giraud Marine, Bouvier Constance','Qui et iure illum ratione distinctio. Et debitis cum ut delectus. Consequuntur aliquid eum quam rerum dolorum nesciunt culpa fugiat. Dolor qui reiciendis autem qui occaecati.','https://via.placeholder.com/150','Bouchet Jeannine','Ipsa autem eos esse dignissimos qui. Nemo expedita commodi aut velit dignissimos amet sed. Numquam tempora nesciunt natus. Mollitia dolores aspernatur aspernatur vel ut.',1,1,'https://www.benoit.fr/nostrum-minus-est-enim-soluta-vitae-dolore',25),(155,31,'Sequi unde atque.','Nesciunt similique aut enim cupiditate alias blanditiis. Quas iusto ipsam numquam quibusdam. Corrupti veritatis voluptatibus ipsam deserunt mollitia commodi.','Guichard René, Delannoy Éric, Muller Anastasie','Voluptates fuga distinctio eum incidunt consectetur. Incidunt et harum quia blanditiis distinctio blanditiis nihil. Incidunt omnis odit aliquid id enim totam.','https://via.placeholder.com/150','Toussaint Manon','Tenetur id pariatur aliquam voluptas. Voluptatem voluptatem officiis placeat harum quisquam aliquam consequatur porro. Odit officiis aliquid blanditiis velit.',1,1,'http://www.bousquet.com/',25),(156,32,'Doloremque tempore eum.','Aut nisi eos expedita earum esse vitae sunt. Quisquam ut hic perferendis animi ut. Tempora repellat aliquam voluptas provident omnis quod voluptates velit.','Pinto Louis, Jacquot Suzanne, Marques Richard','Architecto occaecati laboriosam illum rerum odit qui similique. Repudiandae magnam nisi quia dolorem vel. Iusto quidem quia et aliquid ipsum architecto aut.','https://via.placeholder.com/150','Lamy Sébastien','Error tenetur dolorum harum. Quia quibusdam ut aut iusto reprehenderit officia iste. Totam quod vel error dolorum fugiat. Nostrum voluptatem vero blanditiis distinctio quis.',1,1,'http://www.bonneau.com/ex-illum-libero-soluta-facilis-consequatur-et.html',25),(157,32,'Quis aut et.','Tempora explicabo similique aut dolorem quisquam et sapiente. Sit voluptatem molestias quaerat quia corrupti vero. Ea explicabo officiis est et error.','Marchal Louise, Ferrand Adrienne, Dubois William','Quia dolorem mollitia et aliquam ducimus qui. Commodi ut rerum voluptas voluptas voluptates ut. Sed excepturi officia sit minus aut sequi provident. Tenetur autem tenetur hic sed.','https://via.placeholder.com/150','Bousquet Renée','Atque totam quos expedita. Autem id et nobis necessitatibus. Ut voluptas sunt accusantium distinctio consequatur. Mollitia consectetur in quo. Iste qui harum et labore neque pariatur.',1,1,'http://bouvier.com/quia-veritatis-magnam-eligendi-fugiat-nesciunt-rerum-occaecati',25),(158,32,'Placeat et incidunt et.','Doloribus ad occaecati corrupti. Eligendi ducimus suscipit quae delectus vero. Expedita voluptatem et eligendi.','Pires Astrid, Lecoq Alexandria, Ruiz Olivier','Dolores nobis voluptatum et velit officiis. Est dolorem cumque vitae praesentium. Voluptatem accusamus similique labore voluptatem optio hic.','https://via.placeholder.com/150','Coste Georges','Enim molestias voluptas aut autem. Cumque deleniti repellat harum ab vitae est inventore quod. Expedita ab qui ipsam.',1,1,'http://denis.com/',25),(159,32,'Quis non exercitationem voluptatem accusamus quis.','Ut totam eius dolorum porro sed. Saepe eum rerum quidem et reiciendis. Unde iusto est ullam accusamus. Quia voluptates enim porro labore officia quia.','Perret Élodie, Marie Agnès, Delahaye Valentine','Autem temporibus aut non autem doloremque aut. Repellendus commodi accusantium modi repudiandae optio. Unde voluptatem ut aut aut. Explicabo nesciunt voluptates molestiae.','https://via.placeholder.com/150','Alexandre Laetitia','Dolorem veniam expedita fugiat magni neque non. Cupiditate aut voluptatem dicta et. Voluptates omnis aut velit distinctio nemo.',1,1,'http://joseph.com/',25),(160,32,'Vero quia consectetur nostrum fugiat.','Sed ipsam aliquid omnis pariatur nesciunt ullam. Soluta dolor nihil fuga occaecati non.','Leroy Anouk, Weiss Hugues, Boucher Célina','Officia sit eum non beatae ad et laboriosam sit. In nemo doloremque earum. Voluptatem iusto cum fugiat corrupti aut exercitationem. Totam fugiat voluptas quaerat et reiciendis.','https://via.placeholder.com/150','Lamy Gilles','Iure amet ad et adipisci. Consectetur hic quod sequi numquam dolorum. Omnis dolorem quod dolores quasi. Ratione sit maiores cupiditate blanditiis asperiores ut.',1,1,'http://michaud.fr/aut-odit-eveniet-sed-quae',25),(161,33,'Quisquam saepe facilis eaque quis.','Enim impedit ad sit et molestiae deleniti. Quia ab est aliquam. Esse ad velit quia tempora sit eius velit qui. Consectetur consectetur aut voluptate ea id.','Martel Manon, Peltier Gabrielle, Bigot Élodie','Qui quis cum porro in id. Eum ut fugit hic aut eligendi omnis. Omnis suscipit tenetur id ipsa voluptates ut. A qui ut est voluptatem totam exercitationem.','https://via.placeholder.com/150','Guillou Sophie','Temporibus dicta sed ut eum facilis itaque fugiat quam. Quas facere possimus sunt rem. Ut quos quia consequatur qui accusantium. Optio nemo assumenda explicabo deleniti culpa nulla qui.',1,1,'http://www.cousin.fr/ipsam-ipsum-accusantium-voluptate',25),(162,33,'Eos velit ut ratione saepe reprehenderit.','Id est est neque. Cupiditate eius vel delectus labore. Velit consectetur et eum unde saepe. Odio aut reiciendis doloribus quia ut molestias dolor. Quisquam a in error reiciendis.','Simon Michel, Mahe Stéphane, Dias Georges','Autem quo non enim culpa saepe. Cupiditate qui non fugiat odit cumque molestiae. Nam esse nemo voluptas necessitatibus dolorem. Neque quod quas necessitatibus quasi.','https://via.placeholder.com/150','Gosselin Christophe','Temporibus a odit et id. Nostrum architecto suscipit pariatur necessitatibus sint deleniti ut.',1,1,'http://hamel.net/',25),(163,33,'Eos natus dolores sed.','Quidem tempore est iure quod repellendus rem. Modi enim aliquam nihil eligendi. Reprehenderit autem fugit ut esse dolorem. Cumque iure aut error consectetur repudiandae.','Leclerc Charlotte, Blot Philippe, Leger Timothée','Qui nam nemo repellat blanditiis. At aspernatur praesentium omnis sed praesentium cumque dolor accusantium. Sit excepturi earum non nihil laudantium libero quidem.','https://via.placeholder.com/150','Hernandez Élisabeth','Soluta omnis error molestiae dolor ratione. Atque et aut minus quam et quibusdam omnis consequatur. Sed dolores dolor in mollitia quia ratione vel.',1,1,'http://www.petitjean.com/dicta-ea-quis-labore-voluptate-dolor.html',25),(164,33,'Ipsum odit eius maiores deserunt.','Fugit voluptatem iure ullam sed. Suscipit incidunt aut harum enim. Nihil consequatur a aut fugiat harum eum eum est. Ut esse ut soluta in voluptatem.','Paul Laurent, Gautier Anaïs, Turpin Jeannine','Expedita laborum totam qui temporibus. Dicta mollitia esse autem aspernatur omnis quidem possimus. Ut est corporis tempora fugiat voluptate aspernatur nisi. Aut quibusdam sequi asperiores quo rerum inventore veritatis.','https://via.placeholder.com/150','Picard Julie','Ullam laborum quidem porro quibusdam. Voluptatem voluptatem sed rerum qui illo sed. Minima ea at provident assumenda est nemo qui beatae. Est eum non hic natus non.',1,1,'http://www.gomes.com/illum-qui-cumque-dolore-qui',25),(165,33,'Sunt aliquid aliquid magni nihil quis.','Voluptatem quaerat sunt ut et ea repellendus. Rerum vitae qui illo reprehenderit. Pariatur at quia est dolorum qui sit. Vitae perspiciatis neque quaerat.','Denis Robert, Bertin Capucine, Hamel Étienne','Eos perspiciatis dolorum eos quis. Qui consequatur aut eaque dicta. Est necessitatibus dignissimos id quibusdam rerum rerum. Iure odio quia quidem voluptatem molestiae.','https://via.placeholder.com/150','Legendre Renée','Odit asperiores explicabo id quidem odio culpa voluptatem. Officia voluptatem odit aliquid. Debitis harum veritatis enim dolore earum eligendi quae. Illo expedita aliquid ipsum consequatur asperiores quo.',1,1,'http://www.rolland.fr/',25),(166,34,'Eos temporibus saepe ad dolores.','Eligendi provident aut atque alias iusto cum. Sed et voluptas ea esse expedita in iure. A cumque est possimus ratione perspiciatis non ut. Ut optio est dolorum assumenda eum corporis id ut. Aut eligendi voluptatibus atque ducimus quos.','Fischer Charles, Antoine Océane, Allard Alexandrie','Sunt pariatur architecto ut eos aut cupiditate est. Molestias fugit et qui rerum sequi. Libero quia odit non voluptas quae id libero dolorem.','https://via.placeholder.com/150','Da Silva Élodie','Placeat minus eum omnis fugit. Animi aliquam quo qui assumenda possimus omnis natus. Ut debitis sunt et repellat non minus. Omnis nesciunt consequuntur in et qui iure autem est.',1,1,'http://www.denis.net/',25),(167,34,'Adipisci omnis distinctio quasi.','Qui similique fugiat voluptatum qui ea. Nostrum eum hic sunt repellendus voluptates. Ab officiis dignissimos fugit. Aut id voluptatibus hic nam.','Guillaume René, Ruiz Bertrand, Petitjean Maurice','Rem quia enim iure doloribus. Rem velit ea aperiam facere et asperiores molestiae. Non necessitatibus odit possimus magni nihil sit officiis. Et sint veritatis rerum veritatis excepturi cupiditate velit. Error repellat unde suscipit.','https://via.placeholder.com/150','Lambert Mathilde','Exercitationem veritatis eveniet voluptatem in. Est blanditiis ratione id magni. Dicta eum sint dicta unde fuga molestiae.',1,1,'https://www.perrier.fr/culpa-magnam-tenetur-ex-odit-et-quis-et',25),(168,34,'Ex atque quis vel ab.','Doloremque sunt rerum earum quia dolores explicabo. Voluptatem accusamus autem ea dolor voluptas.','Gautier Martin, Chevallier Jeanne, Faure Georges','Maxime ex et deserunt et sequi consequatur. Voluptatem eaque aut autem et et ex eos. Perferendis consequuntur cumque dolores est eius ea.','https://via.placeholder.com/150','Bonnin Benjamin','Labore est recusandae animi voluptatibus dolorem veniam nostrum. Nulla ut sunt aut. Mollitia autem molestiae nobis impedit quas in aut. Facere ea illo ab rerum aliquid maxime.',1,1,'https://alves.org/non-quo-et-porro-consectetur-vero-a-laudantium.html',25),(169,34,'Odio ut eum quod ratione molestiae.','Dignissimos sed voluptates sint ut voluptatibus non earum. Et qui illum corporis est. Ullam architecto explicabo accusantium veritatis sed voluptatem. Enim deserunt aspernatur ex excepturi eveniet fuga.','Leveque Étienne, Rodrigues Marianne, Lucas Thibaut','Enim magnam et est cupiditate a. Nesciunt in recusandae id magni sit impedit. Blanditiis ullam sit voluptate deserunt velit cupiditate corrupti magni. Rerum enim temporibus neque.','https://via.placeholder.com/150','Bernard Aurélie','Dignissimos aut sed molestias facilis mollitia. Quis voluptatem rem ullam non eos voluptatibus. Aut velit eveniet ratione nostrum dolores nulla. Asperiores cupiditate rem nihil est.',1,1,'https://www.delattre.com/alias-nihil-voluptatem-commodi-facilis',25),(170,34,'Cumque sit accusantium illo saepe.','Officiis ut aspernatur facilis consectetur ad. Quam cumque expedita iste aut quam. Reprehenderit sapiente sequi distinctio voluptatem ea. Voluptatum tempore veritatis aperiam consequuntur blanditiis saepe dolores.','Paris Céline, Gillet Élisabeth, Normand Noël','Fuga aut velit non non eum facere aut. Est voluptas dolor sit ad adipisci minus et. At odio illum et quisquam amet fugit.','https://via.placeholder.com/150','Lebon Audrey','Dolorem accusantium dolor aut. Repellendus adipisci vel quaerat possimus accusamus optio dolorem. In dicta expedita aperiam vero asperiores quod.',1,1,'http://www.lopez.com/harum-qui-neque-illo-illum',25),(171,35,'Dolorem qui autem necessitatibus eius.','Quae quasi eos rerum et repellat sed sunt. Iusto qui rerum aut vel. Ratione voluptatem consequatur enim officiis.','Renault Joséphine, Rocher Thibault, Guerin Michèle','Officiis deleniti nihil in quod. Culpa laboriosam in quia nisi vero rem nemo ut. Facere sunt dolores at eaque. Consectetur consectetur et sit. Magni harum distinctio inventore et.','https://via.placeholder.com/150','Bernard François','Porro reprehenderit praesentium iusto. Est omnis dolorum hic quaerat inventore. Dolores ut fugiat rem animi aliquam dolor quaerat voluptas.',1,1,'http://chevallier.fr/',25),(172,35,'Repellendus sunt consectetur.','Similique ducimus et rem laudantium dolorum. Ullam vitae hic nulla consectetur dolor. Quis impedit unde mollitia quos impedit. Voluptatum laudantium eum quibusdam commodi.','Hardy Luce, Neveu Valentine, Blondel Alphonse','Ad alias eos ex quis excepturi dolores ex. Totam esse cupiditate debitis expedita. Sunt explicabo velit non omnis. Dolores nisi non ad repudiandae nihil qui qui quis.','https://via.placeholder.com/150','Barbier Franck','Voluptatem minima sed reprehenderit est et dolores. Veniam molestiae modi fuga deleniti est. Quos dolor repellendus in soluta.',1,1,'https://gomes.net/fuga-harum-saepe-aliquid-eum-voluptas.html',25),(173,35,'Assumenda harum voluptatibus dolorem rerum.','Ea culpa itaque dolor. Quam corrupti unde sunt et et. Ipsa nisi doloremque et iusto et ipsam maiores. Aperiam quia aut et commodi esse.','Menard Frédéric, Vidal Lucas, Ollivier Adèle','Est optio autem laborum totam at. Ut optio reiciendis qui quos. Dolores voluptatem eveniet consequuntur.','https://via.placeholder.com/150','Moreno Susanne','Eos quod tempora omnis sunt. Amet magnam nulla commodi dolorem. Mollitia est sed illum voluptas consequatur doloremque.',1,1,'http://martins.fr/illo-exercitationem-dolores-deserunt.html',25),(174,35,'Nulla error modi quidem.','Vel qui aut numquam neque est et. Vel distinctio quia odit incidunt qui placeat qui. Eos quia est quod ducimus quia. Voluptas impedit assumenda iste.','Gaudin Dominique, Simon Étienne, Diallo Claire','Itaque voluptas a repellat omnis dignissimos beatae reiciendis quis. Est autem quia rerum suscipit facere minima. Omnis sit magni et voluptates debitis. Laboriosam sint voluptatibus aliquid nesciunt cumque voluptatem iure.','https://via.placeholder.com/150','Weber Édith','Delectus molestiae maiores facilis laudantium sed laboriosam. Velit sint quos non eveniet ea. Ea et veniam eaque et omnis perspiciatis recusandae. Quidem minus est veritatis officia est rem.',1,1,'http://lemaitre.com/cupiditate-tempora-est-voluptatibus-tenetur-optio-nemo-temporibus.html',25),(175,35,'Possimus iure corporis beatae enim.','Sunt itaque ab dolorem iure. Sit illo veritatis illum quo qui molestiae ut. Distinctio voluptate aut soluta voluptate quam facere. Ut harum deleniti numquam et exercitationem.','Barbe Amélie, Pelletier Alex, Michaud Adrienne','Facere voluptatibus nulla nam rerum velit quaerat. Vel sit nostrum libero aut impedit quisquam officia. Perspiciatis voluptatibus et sit. Doloribus ut nam repudiandae et in porro ratione. Nobis voluptate facere qui dolores autem.','https://via.placeholder.com/150','Hardy Daniel','Quae adipisci voluptatem officia molestiae sunt optio qui. Voluptatibus voluptas vitae nam sit nihil quis quod. Quia modi voluptatum totam enim est laboriosam.',1,1,'http://www.pages.org/perspiciatis-suscipit-deleniti-non-ducimus.html',25),(176,36,'Iste velit et.','Incidunt doloribus unde quia. Suscipit blanditiis quo voluptatem sapiente et. Qui est laborum alias accusantium id voluptatem. Occaecati nihil perferendis similique non repellat autem.','Le Roux Patricia, Morin Cécile, Da Silva Aurore','Rerum vel aliquam sequi impedit ut nostrum libero. Maiores voluptates omnis voluptatum vero dicta quis. Corrupti eum autem quibusdam cupiditate. Sunt architecto aut rerum ut nisi dolores eum.','https://via.placeholder.com/150','Daniel Suzanne','Vero quos laudantium harum tempore laborum mollitia et. Quasi facere distinctio libero sit id. Velit nisi enim necessitatibus sed aut repellendus id. Nobis ut rerum deleniti voluptas ab molestias. Eum rem eius magni ut iure.',1,1,'http://cousin.org/consequatur-non-aut-quia-ab-omnis.html',25),(177,36,'Ex exercitationem error iure quia.','Aliquam odit quia fuga cupiditate voluptates et. Distinctio ducimus id earum et id nisi. Aut in quia culpa aperiam tenetur.','Parent Chantal, Becker Antoinette, Texier Monique','Sint et ducimus sit eum. Esse nihil et id saepe. Exercitationem perspiciatis qui numquam quia qui voluptatem.','https://via.placeholder.com/150','Rocher Isaac','Doloribus nostrum aliquid ducimus. Sit aut vel velit atque reiciendis. Facere eius est fugit perferendis.',1,1,'http://www.dijoux.com/illo-quo-quas-et-quis-et-architecto-odit',25),(178,36,'Et perspiciatis corporis architecto culpa est.','Est sit molestiae enim consectetur optio in. Reprehenderit aut dolorem omnis minus. Quia voluptas quia non dolor architecto. Sapiente vitae quia rerum beatae.','Poirier Noël, Pons Sébastien, Auger Antoine','Eveniet voluptatem voluptas iste doloremque. Sunt nemo itaque facere adipisci id in. Odit rem vitae nemo nihil ratione laudantium pariatur. Est dolorem ipsam molestiae ut rerum.','https://via.placeholder.com/150','Peron Guy','Optio error rem hic et iure. Iusto rerum nemo harum magnam non. Repellendus ea molestias cupiditate accusamus et. Neque quaerat consequuntur dignissimos ea eos.',1,1,'http://www.rousset.com/aut-sit-nam-aperiam-perspiciatis-non-nihil.html',25),(179,36,'Numquam consequatur quod ducimus enim rem.','Pariatur sunt magnam molestiae quaerat. Sed eos harum voluptatem ea modi. Labore aut et neque est.','Camus Patrick, Tanguy Véronique, Mallet Roger','In aspernatur voluptatem qui aut aut et voluptatibus. Et quia ea itaque repudiandae. Velit dolorem maiores non. Debitis ut doloribus quia et autem ex.','https://via.placeholder.com/150','Perrier Olivier','Autem magni repellendus et ut non quod. Sint aut repudiandae minima ut. Et mollitia nisi sint vel distinctio et vitae. Ut nisi quia voluptas ratione eligendi. Voluptatem et cum eos id.',1,1,'https://blanc.com/eveniet-ex-nam-ut-consequatur.html',25),(180,36,'Nam quas iste beatae.','Est magnam itaque ea officiis et tempore ratione. Qui sed dolor iste corporis laudantium rerum. Maiores quo omnis est veniam architecto deleniti.','Costa Théophile, Mahe Thérèse, Etienne Anouk','Iure repellat esse molestiae sunt ut vel. Deserunt aut nisi mollitia ea iste voluptatum inventore. Hic aut impedit accusamus. Tenetur omnis voluptates facere ducimus autem. Maxime aliquam dicta aut.','https://via.placeholder.com/150','Ollivier Jean','Tempora est libero consequatur qui odit odio voluptas. Fugiat tempore aut omnis unde eius. Iste quo vitae doloribus et. Iste eveniet a aut non aperiam.',1,1,'https://www.leroux.com/ut-voluptas-officiis-veritatis-ut-tempora-hic-adipisci-adipisci',25),(181,37,'Sunt quia enim voluptates quis sed.','Praesentium possimus qui aut earum aliquid molestiae. Quisquam asperiores corrupti ratione sit veritatis doloremque. Distinctio id sed temporibus cupiditate quia eveniet. Nemo exercitationem ipsum harum assumenda repellat qui ipsam.','Jacquet Luc, Mahe Maggie, Camus Alexandre','Saepe est repudiandae rerum iusto debitis. Incidunt libero est eius reprehenderit quo. Nostrum ut quisquam aut voluptas dicta vero.','https://via.placeholder.com/150','Parent Anaïs','Labore adipisci quasi ut est est dicta cupiditate debitis. Quidem accusamus accusantium sed modi consequatur. Quam numquam repellendus quod voluptates.',1,1,'http://lelievre.fr/architecto-tempore-fuga-perspiciatis-fuga-sed-laudantium-tempore',25),(182,37,'Rem quis aut aspernatur.','Ut mollitia amet quas non nihil. Autem dolor aut nobis neque officiis. Reprehenderit corporis quae eaque velit ut. Facere est ab omnis provident eum aspernatur delectus.','Legros Isabelle, Besnard Marguerite, Delahaye Augustin','Et et dolorem modi qui optio facilis. Aperiam sed expedita eaque deserunt optio quasi. Quaerat optio earum ab eaque aut et. Est provident mollitia consectetur esse est non eveniet minus.','https://via.placeholder.com/150','De Oliveira Rémy','Suscipit asperiores est iusto maiores odit nesciunt. Et ducimus id aliquam optio rerum qui. Non autem aut molestias cupiditate quam aut consequatur. Magni quo praesentium expedita atque officia inventore corrupti.',1,1,'http://www.boulay.net/voluptatum-dolor-sint-labore-veritatis-et.html',25),(183,37,'Iste nihil corrupti.','Sed ut aspernatur ducimus doloribus et facere sint. Laborum velit est nesciunt molestiae. Sequi non cupiditate veniam libero voluptatem.','Bourdon Valentine, Dupont Timothée, Lecoq Xavier','Nihil pariatur illum voluptatibus amet beatae fugit suscipit. Mollitia esse quasi voluptatibus qui. Ut nihil enim et iusto qui debitis. Optio facere et odit et excepturi quos. Nihil distinctio iusto incidunt et similique.','https://via.placeholder.com/150','Seguin Jacques','Alias enim dolorem sint. Tenetur recusandae totam qui voluptatibus ullam quibusdam voluptatem quae. Dolor occaecati eum commodi earum cupiditate cupiditate provident eveniet.',1,1,'http://delannoy.fr/sunt-corporis-deserunt-possimus-eveniet',25),(184,37,'Et recusandae optio.','Necessitatibus aliquam culpa autem voluptatum. Sequi voluptas laborum culpa est ut aliquam. Sequi dignissimos vel mollitia est id natus. Officiis ut consequatur blanditiis pariatur explicabo dolore impedit.','Godard Rémy, Lamy Jules, Fabre Patricia','Sed eaque deleniti itaque voluptates ipsum iste enim aut. Quo perspiciatis eius quis illo magni. Exercitationem harum rem id atque cumque. Ut ipsum voluptatum quis.','https://via.placeholder.com/150','Clerc Honoré','Rerum id aut cumque qui necessitatibus non. Nemo sit voluptas consectetur voluptatem tempore ut laborum. Odio assumenda est praesentium qui corporis eveniet minima inventore. Magnam ab ut molestiae dolorem quo.',1,1,'http://www.sanchez.fr/eum-veritatis-id-eius-quis-porro-explicabo',25),(185,37,'Sed odio et quasi exercitationem ratione.','Nemo sit distinctio iusto minima maxime doloribus numquam. Incidunt quis ea corporis saepe deleniti. Harum occaecati totam unde eveniet optio. Debitis et possimus ullam.','Roche Étienne, Muller Michèle, Charles Odette','Reprehenderit quibusdam odio architecto quibusdam quasi illo. Et quod reiciendis corrupti culpa ut magnam laudantium vel. Libero qui molestiae nemo asperiores fuga. Aut tenetur veritatis omnis quo ut nostrum in.','https://via.placeholder.com/150','Laroche Émile','Neque ut architecto porro numquam. Nostrum non molestiae officia vitae. Labore dolorem autem minima. Sit aut est ut possimus ratione eaque qui. Molestiae iusto provident non sint. Quia ratione minima eum sit.',1,1,'http://rolland.org/',25),(186,38,'Aperiam nihil expedita omnis.','Numquam et odio sequi illum qui repellat. Quidem voluptate esse ab repellat inventore atque. Molestiae animi dolorum voluptas minus dolorem id voluptatem.','Lambert Aurore, Lamy Victoire, Torres Julie','Excepturi illo ut rerum harum adipisci aut rerum. Id facilis occaecati quas animi eum ut quia officia. Et nihil aliquid quaerat aperiam modi molestiae. Vero fugiat ut alias dolorum.','https://via.placeholder.com/150','Lebon William','Non dolores modi ratione vel. Fuga ullam eius rem sit. Architecto numquam officiis et quis in illum voluptate. Necessitatibus accusantium omnis libero.',1,1,'http://www.blot.com/illum-ut-atque-est-sed-et-ea',25),(187,38,'Officiis rerum qui dolor adipisci.','Tempora dolorem quos laboriosam molestiae. Maiores voluptatem voluptatibus voluptatem numquam qui ratione aut.','Monnier Tristan, Pierre Henriette, Berthelot Gabrielle','Explicabo dolore optio labore nemo aliquam illo consectetur quidem. Cumque atque neque repellendus voluptas a. Molestiae dolorem earum dolores non est ipsam et.','https://via.placeholder.com/150','Mendes Alfred','Et dolorum velit et et at. Saepe quasi totam ad sed dicta aut quia. Non corporis est minus ut ipsam sequi.',1,1,'http://benard.com/quis-qui-ut-et-ducimus-commodi-odio-ex.html',25),(188,38,'Et eveniet aliquid culpa.','Consequatur ab ea et. Sit voluptatem consequuntur qui ducimus aut omnis esse. Aut numquam aliquid ut error fugit omnis accusamus.','Lopez Lucas, Benoit Sylvie, Michel Thibault','Voluptas culpa iusto aliquid sapiente consequatur incidunt. Earum porro sed dolores. Voluptas sequi aut illum ut eaque suscipit.','https://via.placeholder.com/150','Simon Renée','Culpa dolorem voluptatem eum atque et dolor. Culpa atque reiciendis sed quia labore. Veritatis itaque velit et.',1,1,'https://www.charrier.fr/labore-est-voluptas-quis-odio-qui-fugit',25),(189,38,'Assumenda voluptatem et.','Dicta nobis in sunt. Quisquam repellendus porro accusantium ipsam optio laborum ad voluptatem. Perspiciatis eum quas amet temporibus rem sunt. Aliquam atque quo magnam reprehenderit nam sapiente fugiat.','Garcia Colette, Auger Marcel, Leduc Léon','Sunt provident iste voluptas rerum maiores eum. Et fugit quis veniam eum ut dolores ut.','https://via.placeholder.com/150','Fernandez Christine','Nam officiis magnam blanditiis voluptatibus deleniti est ad voluptas. Sed nihil incidunt totam vel ut. Animi ut id suscipit error illo ut.',1,1,'http://www.thibault.fr/est-sed-enim-sit-provident-voluptatem.html',25),(190,38,'Rerum ratione nesciunt animi.','Omnis voluptatibus ad commodi consectetur. Non quae molestias ut illum veniam commodi soluta quisquam. Delectus libero et labore tempore nemo ad ut ex.','Ferreira Alphonse, Legrand Jacques, Delannoy Monique','Distinctio voluptatibus aut minus ipsa harum. Unde molestiae voluptate cumque corporis animi sed. Quo quisquam laudantium omnis totam autem ea corporis.','https://via.placeholder.com/150','Guerin Dominique','Recusandae quas odio voluptatibus. Omnis voluptatem nemo saepe vel blanditiis enim. Aut corporis veniam sequi qui magnam quibusdam est. Ea voluptate dolores consequatur fugiat quaerat tempore laborum.',1,1,'http://www.meunier.org/',25),(191,39,'Impedit et explicabo autem.','Dignissimos et facilis maiores itaque pariatur culpa. Voluptatum quis consectetur minima repellat rem. Qui et amet deleniti quam unde tenetur non. Excepturi voluptatem similique sint dolores architecto. Minima ducimus aspernatur in.','Fernandes Guillaume, Evrard Margot, Gay Olivier','Quia voluptatem et aut rerum ipsum. Vel quis laborum consequatur dolores veniam eaque. Dolor itaque cumque molestias omnis.','https://via.placeholder.com/150','Fabre Philippe','A dolorum tempore molestiae reiciendis. Vel necessitatibus sed sunt necessitatibus sed. Voluptates aut explicabo distinctio rerum eos. Quisquam nobis explicabo consequatur est nam.',1,1,'http://pereira.org/laborum-dignissimos-eius-et-dignissimos',25),(192,39,'Ut aspernatur repudiandae amet.','Autem voluptas deserunt et. Voluptas alias ea ullam est sint officia iusto. Voluptas perferendis dolor autem vitae illo a.','Marin Corinne, Giraud Stéphane, Gautier Christophe','Qui fugit vitae sit inventore minus ut. Voluptatem voluptas ratione consectetur iure ipsam ut. Molestiae perferendis nisi sit ut.','https://via.placeholder.com/150','Bouvet Éléonore','Ut sunt ut esse maiores ab. Animi dolor autem autem nihil officiis. Impedit aut quo fugiat. Blanditiis facere voluptate facere aut dolorum voluptates molestiae.',1,1,'https://gaudin.net/ut-dolorem-magni-voluptatem-occaecati-ullam-assumenda-beatae.html',25),(193,39,'Et quis quis.','Nemo aut molestiae at officiis et nam voluptate deleniti. Qui necessitatibus repellat vel magni nesciunt fuga. Ipsam ipsum in sed cupiditate perspiciatis dicta qui explicabo.','Guilbert Michelle, Colin Léon, Roger Eugène','Ut rerum in quisquam ratione. Quibusdam et optio incidunt et. Asperiores doloribus ad necessitatibus animi eum eum neque. Aut suscipit beatae quae amet sint rerum voluptatem maxime. Id dolores deleniti necessitatibus fugiat.','https://via.placeholder.com/150','Mathieu Aimé','Itaque mollitia tempora minus soluta cumque error. Eos fugit in ad tempore sit et eveniet. Natus repudiandae quidem et. Est et voluptatibus libero ut.',1,1,'http://www.lombard.fr/repellendus-suscipit-magnam-consequatur-qui-fugit',25),(194,39,'Et omnis reiciendis corporis ducimus provident.','Voluptates dolorem adipisci optio illo deleniti. Beatae qui est voluptates non excepturi. Possimus accusantium omnis voluptatum earum quas.','Guyot Louis, Leroy Alphonse, Vidal Anouk','Voluptatem sint consequuntur voluptatem quasi. Dolores commodi et voluptatem quam et. Accusamus aut nostrum voluptatibus.','https://via.placeholder.com/150','Launay Alphonse','Dicta laboriosam ratione laborum quae eaque. Ea quia enim aut ut. Eaque nesciunt voluptatem et sint quo odit.',1,1,'http://bourdon.com/animi-laudantium-aut-ab-aperiam-tempore-minima-laudantium',25),(195,39,'Consequuntur quis veritatis ad.','Ex consequatur quaerat rem quas omnis atque. Consequuntur et molestias labore dolores sit numquam doloribus. Quis hic ut voluptas consequatur perferendis velit.','Leconte Lucy, Dupuy André, Chevallier Marcelle','Nihil qui consequatur corporis repellendus sint consectetur numquam nisi. Qui est possimus amet velit rerum sapiente nesciunt. Dolore delectus id dolore saepe doloremque.','https://via.placeholder.com/150','Gosselin André','Aliquam a et beatae hic delectus officia odit. Aut sit voluptatem nesciunt quo hic itaque. Asperiores quis eveniet sunt sed dolores officia tempora.',1,1,'http://www.boulay.net/',25),(196,40,'Repellat laborum suscipit iure animi.','Labore consequatur a ullam excepturi tempore autem. Laboriosam non consequatur est. Dolorum animi veritatis ipsum. Ea voluptas beatae repellat.','Andre Benoît, Pruvost Auguste, Legendre Claire','Eius nostrum itaque possimus. Ut optio omnis velit corporis. Pariatur libero debitis doloribus iure recusandae repellendus. Omnis aut eos minus dolores eligendi unde ut. Necessitatibus vero molestiae accusantium est.','https://via.placeholder.com/150','Bourdon Claudine','Distinctio ad odit ut et. Aliquid minus nam vel debitis distinctio. Non et aspernatur dolor repellat.',1,1,'http://www.courtois.com/animi-itaque-architecto-at-dolorem',25),(197,40,'Eos ducimus sit vitae.','Eos quos ut dolor. Ut blanditiis inventore ipsam et. Culpa velit dignissimos molestiae necessitatibus placeat tempora at.','Loiseau Michèle, Leclercq Noémi, Guyot Patricia','Itaque perspiciatis temporibus sint adipisci veritatis consequatur quis. Nemo et culpa temporibus sit laborum. Dolorum et eos nemo.','https://via.placeholder.com/150','Chevallier Aimé','Dolor accusamus ut itaque quos repellat deleniti sit. Cumque a culpa non ut error. Iste enim voluptatum velit optio at ut. Ut suscipit quidem cum ab aspernatur et suscipit. Consequatur est qui atque qui occaecati vel.',1,1,'http://www.rodriguez.fr/',25),(198,40,'Odio et nam labore assumenda.','Asperiores non optio officia voluptatem et nihil. Molestiae deleniti quidem et odit. Expedita esse quia commodi et voluptatem. Beatae voluptas neque reiciendis officiis libero quidem.','Gilles Monique, Perret Arthur, Barre Odette','Vero qui tenetur odio fugiat et. Recusandae et sint delectus nisi atque corrupti eius. In quibusdam neque molestias ut nisi. Architecto sint corrupti modi enim necessitatibus.','https://via.placeholder.com/150','Petitjean Henriette','Quis alias aliquid sed minima voluptatem sapiente voluptatem voluptas. Enim distinctio occaecati ratione nam est unde qui. Atque impedit ipsum cum non harum.',1,1,'http://www.bertrand.fr/labore-in-explicabo-ut-quo-aut-in',25),(199,40,'Quis et ullam necessitatibus necessitatibus.','Vero perferendis recusandae expedita doloremque dolor quam. Inventore vel similique et autem repudiandae. Qui mollitia aperiam saepe nihil laboriosam pariatur fugiat. Vel inventore minima consequatur ea voluptas.','Jacquet Vincent, Richard Christiane, Descamps Claude','Quia consequatur quia et est modi. Quia aut voluptas eligendi molestias molestiae fugiat. Quo alias ut eveniet sed officiis. Occaecati error laboriosam voluptas deserunt corrupti. Consequuntur dignissimos ut neque tenetur.','https://via.placeholder.com/150','Aubert Laetitia','Iure impedit quis fuga. Hic debitis commodi inventore. Debitis excepturi consequatur alias rerum non eveniet distinctio. Dolores nisi enim officiis qui corrupti.',1,1,'http://www.pons.com/pariatur-quia-velit-molestiae-modi-facere',25),(200,40,'Voluptatem non et beatae.','Est ad nihil aut velit accusamus. Reprehenderit in temporibus ipsa quasi temporibus esse. Ea est omnis qui doloribus minus laudantium.','Lefevre Guillaume, Bouvier Alexandrie, Hamel Arthur','Similique vitae quod ut reprehenderit id. Ratione repellat illo fugit nulla consequuntur in. Repellat est maiores id molestiae molestiae cumque. Quam reiciendis dolore atque enim perferendis laudantium aliquid.','https://via.placeholder.com/150','Jacob Louis','Ut aliquid maiores qui rem. Distinctio ad accusantium cupiditate optio quia eaque reprehenderit. Ducimus dolorem sint alias assumenda deleniti consequatur expedita pariatur. Quam cupiditate fuga corrupti iusto et vero.',0,0,'http://gosselin.fr/magnam-voluptate-sint-quod-qui-harum.html',25);
/*!40000 ALTER TABLE `spectacle` ENABLE KEYS */;
UNLOCK TABLES;

--
-- Table structure for table `theater`
--

DROP TABLE IF EXISTS `theater`;
/*!40101 SET @saved_cs_client     = @@character_set_client */;
/*!40101 SET character_set_client = utf8 */;
CREATE TABLE `theater` (
  `id` int(11) NOT NULL AUTO_INCREMENT,
  `user_id` int(11) DEFAULT NULL,
  `name` varchar(255) COLLATE utf8mb4_unicode_ci NOT NULL,
  `email` varchar(255) COLLATE utf8mb4_unicode_ci DEFAULT NULL,
  `address1` varchar(255) COLLATE utf8mb4_unicode_ci DEFAULT NULL,
  `address2` varchar(255) COLLATE utf8mb4_unicode_ci DEFAULT NULL,
  `zip_code` int(11) DEFAULT NULL,
  `city` varchar(255) COLLATE utf8mb4_unicode_ci DEFAULT NULL,
  `phone_number` varchar(255) COLLATE utf8mb4_unicode_ci DEFAULT NULL,
  `logo` varchar(255) COLLATE utf8mb4_unicode_ci DEFAULT NULL,
  `website` varchar(255) COLLATE utf8mb4_unicode_ci DEFAULT NULL,
  `base_rate` double DEFAULT NULL,
  `lat` double DEFAULT NULL,
  `longitude` double DEFAULT NULL,
  `picture` varchar(255) COLLATE utf8mb4_unicode_ci DEFAULT NULL,
  PRIMARY KEY (`id`),
  UNIQUE KEY `UNIQ_46DD8154A76ED395` (`user_id`),
  CONSTRAINT `FK_46DD8154A76ED395` FOREIGN KEY (`user_id`) REFERENCES `user` (`id`)
) ENGINE=InnoDB AUTO_INCREMENT=45 DEFAULT CHARSET=utf8mb4 COLLATE=utf8mb4_unicode_ci;
/*!40101 SET character_set_client = @saved_cs_client */;

--
-- Dumping data for table `theater`
--

LOCK TABLES `theater` WRITE;
/*!40000 ALTER TABLE `theater` DISABLE KEYS */;
INSERT INTO `theater` VALUES (1,1,'Théâtre jamalclasee','theatre0@theater.com','10 place bellecour',NULL,69002,'lyon','05 40 72 51 52','/tmp/phpZ0AxhV','http://www.coulon.com/',36.93,45.7463242,4.8269787,'/tmp/phpBOsQln'),(2,2,'Théâtre jam56','theatre1@theater.com','10 place bellecour',NULL,69002,'lyon','01 37 83 01 33','/tmp/php9wxHY0','https://www.gosselin.com/deserunt-molestiae-inventore-qui',12.47,45.7582421,4.833304,'/tmp/phpRsMc2d'),(3,3,'Théâtre 777777','theatre2@theater.com','40, rue William Lebrun18 447 Hoareau',NULL,69007,'Bourdon-sur-Gaillard','+33 (0)2 41 88 28 59','/tmp/php7vVLbf','https://www.parent.com/eos-corporis-est-quia-voluptas-molestiae-sunt',8.33,NULL,NULL,'/tmp/phplzqltV'),(4,4,'Théâtre n3','theatre3@theater.com','5, rue Martinez59279 Le Goff-sur-Verdier',NULL,69007,'Bailly','+33 (0)1 93 81 36 07','/tmp/phpbQ2EGp','http://www.poirier.fr/officia-quia-reiciendis-aut-quaerat-sunt.html',36.06,NULL,NULL,'/tmp/phpoIIdUy'),(5,5,'Théâtre n4','theatre4@theater.com','rue de Perret\n52104 Duval-sur-Lebon','',69007,'Deschamps','+33 (0)8 02 95 87 78','https://via.placeholder.com/150','http://lefevre.net/vel-et-et-quaerat-consequuntur',36.57,NULL,NULL,NULL),(6,6,'Théâtre n5','theatre5@theater.com','737, place Daniel Renaud\n35162 Gautier','',69007,'Herve','+33 (0)2 81 98 67 56','https://via.placeholder.com/150','http://www.remy.fr/',34.19,NULL,NULL,NULL),(7,7,'Théâtre n6','theatre6@theater.com','86, boulevard Laroche\n02 193 Moreau','',69007,'Larochenec','0130021393','https://via.placeholder.com/150','http://www.raymond.fr/minus-quisquam-ut-perferendis-quia-dolor-ut-facere-voluptas',7.84,NULL,NULL,NULL),(8,8,'Théâtre n7','theatre7@theater.com','856, chemin de Guichard\n17 011 Chevalier-sur-Clement','',69007,'Dubois-les-Bains','+33 4 83 71 97 76','https://via.placeholder.com/150','http://www.lemaire.fr/sunt-commodi-tempore-ratione-quo',11.64,NULL,NULL,NULL),(9,9,'Théâtre n8','theatre8@theater.com','894, boulevard Imbert\n39 829 Maillard','',69007,'Hubert','0944271497','https://via.placeholder.com/150','http://www.blot.com/similique-sit-ducimus-et-nihil-quod.html',17.71,NULL,NULL,NULL),(10,10,'Théâtre n9','theatre9@theater.com','182, avenue Zacharie Benard\n38 923 Jacques','',69007,'Joubert','0901687740','https://via.placeholder.com/150','http://adam.com/et-facere-dolorum-quia',20.77,NULL,NULL,NULL),(11,11,'Théâtre n10','theatre10@theater.com','68, avenue Zacharie Lemoine\n70322 Labbedan','',69007,'Texier','+33 1 67 84 27 04','https://via.placeholder.com/150','https://www.schmitt.net/deserunt-ea-omnis-dolor-nesciunt-quis',7.98,NULL,NULL,NULL),(12,12,'Théâtre n11','theatre11@theater.com','12, rue de Bouvier\n77833 Perrotdan','',69007,'Hoarau','08 93 19 52 67','https://via.placeholder.com/150','https://www.peron.org/placeat-expedita-sapiente-explicabo-est-occaecati-odit-quia',16.57,NULL,NULL,NULL),(13,13,'Théâtre n12','theatre12@theater.com','place Guy Pelletier\n80141 Pineau-sur-Barbe','',69007,'RoyBourg','08 12 55 92 08','https://via.placeholder.com/150','https://blanchet.fr/minima-illo-quis-odit.html',8.03,NULL,NULL,NULL),(14,14,'Théâtre n13','theatre13@theater.com','8, rue Joséphine Costa\n73448 Gilles','',69007,'Marie','+33 (0)2 38 15 81 29','https://via.placeholder.com/150','http://rousset.fr/sed-error-illo-soluta-assumenda.html',36.61,NULL,NULL,NULL),(15,15,'Théâtre n14','theatre14@theater.com','86, rue Margot Ribeiro\n44 429 Hoarau','',69007,'Lebreton','04 36 76 50 61','https://via.placeholder.com/150','http://www.renard.net/enim-iste-est-in-possimus-ipsum-quam-perspiciatis',26.14,NULL,NULL,NULL),(16,16,'Théâtre n15','theatre15@theater.com','850, impasse Adam\n21173 LacroixBourg','',69007,'Regnier','+33 3 50 30 65 67','https://via.placeholder.com/150','https://diaz.com/eaque-sunt-natus-quos.html',28.43,NULL,NULL,NULL),(17,17,'Théâtre n16','theatre16@theater.com','95, boulevard Vasseur\n10 446 Aubry','',69007,'Riviere-sur-Humbert','07 84 91 93 62','https://via.placeholder.com/150','http://www.gomes.fr/quos-aliquam-ad-non-ut-odit.html',33.57,NULL,NULL,NULL),(18,18,'Théâtre n17','theatre17@theater.com','37, boulevard Michelle Brun\n28 573 Joubert-les-Bains','',69007,'Turpin','+33 2 20 07 34 43','https://via.placeholder.com/150','http://breton.fr/mollitia-deleniti-quas-ullam-sed-at-voluptatum',23.54,NULL,NULL,NULL),(19,19,'Théâtre n18','theatre18@theater.com','avenue Briand\n46 321 Sauvagenec','',69007,'Gaudinboeuf','0806910047','https://via.placeholder.com/150','http://www.mace.fr/eaque-soluta-iste-et-veritatis.html',30.83,NULL,NULL,NULL),(20,20,'Théâtre n19','theatre19@theater.com','60, chemin de Herve\n47 043 Costa-sur-Mer','',69007,'Laurentboeuf','+33 7 34 67 76 60','https://via.placeholder.com/150','https://www.loiseau.com/excepturi-id-aut-illo-officiis-a-error',20.29,NULL,NULL,NULL),(21,21,'Théâtre n20','theatre20@theater.com','26, chemin de Richard\n13263 Boucher','',69007,'Hoarau','0368978135','https://via.placeholder.com/150','http://david.com/',13.86,NULL,NULL,NULL),(22,22,'Théâtre n21','theatre21@theater.com','96, impasse Picard\n40 867 Da Silvadan','',69007,'Lacroix','03 96 72 99 84','https://via.placeholder.com/150','http://www.fontaine.fr/omnis-nulla-rerum-rerum-ex-sequi-non',49.03,NULL,NULL,NULL),(23,23,'Théâtre n22','theatre22@theater.com','avenue de Bousquet\n22399 Maillotboeuf','',69007,'Neveu-la-Forêt','+33 (0)8 97 96 34 58','https://via.placeholder.com/150','http://guilbert.com/',16.03,NULL,NULL,NULL),(24,24,'Théâtre n23','theatre23@theater.com','55, rue Maggie Alves\n53 072 Bertin','',69007,'Levy','03 00 88 62 96','https://via.placeholder.com/150','http://delorme.com/minus-voluptas-quia-sint-neque-veritatis-eos.html',24.44,NULL,NULL,NULL),(25,25,'Théâtre n24','theatre24@theater.com','rue Martin\n08 846 Turpin-les-Bains','',69007,'Martins','09 43 10 46 62','https://via.placeholder.com/150','https://www.mathieu.net/iste-cum-laboriosam-veritatis-est-incidunt',31.07,NULL,NULL,NULL),(26,26,'Théâtre n25','theatre25@theater.com','232, rue Mendes\n15 112 Guilbert','',69007,'GilbertBourg','0198262063','https://via.placeholder.com/150','https://www.leveque.org/quidem-aspernatur-non-rem-molestiae-accusantium-eos-nisi-deleniti',29.62,NULL,NULL,NULL),(27,27,'Théâtre n26','theatre26@theater.com','77, place Gosselin\n68 754 Grenier','',69007,'Dupuis-les-Bains','+33 (0)1 17 05 71 15','https://via.placeholder.com/150','http://dias.org/',8.1,NULL,NULL,NULL),(28,28,'Théâtre n27','theatre27@theater.com','44, rue Alexandrie Duhamel\n48749 Rey','',69007,'HerveVille','01 44 54 10 18','https://via.placeholder.com/150','http://www.maillard.org/omnis-sint-voluptatem-ipsum-aperiam-est-autem',15.72,NULL,NULL,NULL),(29,29,'Théâtre n28','theatre28@theater.com','rue Denise Lacroix\n75741 Poirier','',69007,'Mauryboeuf','09 74 95 22 72','https://via.placeholder.com/150','http://vasseur.fr/',11.72,NULL,NULL,NULL),(30,30,'Théâtre n29','theatre29@theater.com','186, rue Bertin\n53939 Levy','',69007,'Coste','+33 8 23 52 36 19','https://via.placeholder.com/150','http://www.turpin.net/doloribus-minima-et-neque-magni',15.71,NULL,NULL,NULL),(31,31,'Théâtre n30','theatre30@theater.com','13, rue Vaillant\n20 214 Barbier','',69007,'Breton','0752317502','https://via.placeholder.com/150','https://www.buisson.org/ipsam-omnis-illum-aut-aut-quis',47.42,NULL,NULL,NULL),(32,32,'Théâtre n31','theatre31@theater.com','73, rue de David\n55 609 Berger-sur-Mer','',69007,'Goncalvesdan','0179253910','https://via.placeholder.com/150','http://www.guyon.net/quia-deserunt-ut-tempora-et-dolores',22.58,NULL,NULL,NULL),(33,33,'Théâtre n32','theatre32@theater.com','97, rue de Bruneau\n34 685 Texier','',69007,'Laurent','+33 3 15 29 38 99','https://via.placeholder.com/150','http://www.petit.com/',28.98,NULL,NULL,NULL),(34,34,'Théâtre n33','theatre33@theater.com','boulevard Benard\n88152 FischerBourg','',69007,'Hoarauboeuf','0813471393','https://via.placeholder.com/150','http://www.marchand.com/',35.18,NULL,NULL,NULL),(35,35,'Théâtre n34','theatre34@theater.com','5, avenue Hamon\n87230 Carre','',69007,'BertrandBourg','0895275992','https://via.placeholder.com/150','http://www.lecoq.fr/voluptas-et-vero-error-fuga-quia-consequatur',27.46,NULL,NULL,NULL),(36,36,'Théâtre n35','theatre35@theater.com','9, boulevard de Alexandre\n78829 Gerard','',69007,'Raymond','04 72 11 37 35','https://via.placeholder.com/150','http://www.potier.org/quia-et-adipisci-ad',5.43,NULL,NULL,NULL),(37,37,'Théâtre n36','theatre36@theater.com','248, place de Voisin\n18 896 Boyer','',69007,'Imbert','01 01 31 13 69','https://via.placeholder.com/150','http://letellier.com/enim-consequatur-velit-hic-praesentium-corporis-nihil',30.86,NULL,NULL,NULL),(38,38,'Théâtre n37','theatre37@theater.com','boulevard Albert\n72734 Toussaint','',69007,'PicardVille','07 60 71 13 35','https://via.placeholder.com/150','http://garcia.org/quia-minima-doloremque-et-aut-et-facere',19.66,NULL,NULL,NULL),(39,39,'Théâtre n38','theatre38@theater.com','impasse Dupont\n76774 Merle','',69007,'Bourgeois-sur-Mer','+33 8 99 24 93 55','https://via.placeholder.com/150','http://www.launay.fr/dolorem-asperiores-ea-vitae-ut-perferendis-aliquam',13.63,NULL,NULL,NULL),(40,40,'Théâtre n39','theatre39@theater.com','rue Alexandre\n47 315 Lesage-sur-Buisson','',69007,'Aubry','+33 (0)4 63 97 97 18','https://via.placeholder.com/150','http://riviere.com/',8.23,NULL,NULL,NULL),(41,NULL,'Theatre jam',NULL,NULL,NULL,NULL,NULL,NULL,NULL,NULL,NULL,NULL,NULL,NULL),(43,NULL,'thatrejamtest',NULL,NULL,NULL,NULL,NULL,NULL,NULL,NULL,NULL,NULL,NULL,NULL),(44,43,'thatrejamtest','testjam@toto.com',NULL,NULL,NULL,NULL,NULL,NULL,NULL,NULL,NULL,NULL,NULL);
/*!40000 ALTER TABLE `theater` ENABLE KEYS */;
UNLOCK TABLES;

--
-- Table structure for table `user`
--

DROP TABLE IF EXISTS `user`;
/*!40101 SET @saved_cs_client     = @@character_set_client */;
/*!40101 SET character_set_client = utf8 */;
CREATE TABLE `user` (
  `id` int(11) NOT NULL AUTO_INCREMENT,
  `email` varchar(180) COLLATE utf8mb4_unicode_ci NOT NULL,
  `roles` json NOT NULL,
  `password` varchar(255) COLLATE utf8mb4_unicode_ci NOT NULL,
  PRIMARY KEY (`id`),
  UNIQUE KEY `UNIQ_8D93D649E7927C74` (`email`)
) ENGINE=InnoDB AUTO_INCREMENT=44 DEFAULT CHARSET=utf8mb4 COLLATE=utf8mb4_unicode_ci;
/*!40101 SET character_set_client = @saved_cs_client */;

--
-- Dumping data for table `user`
--

LOCK TABLES `user` WRITE;
/*!40000 ALTER TABLE `user` DISABLE KEYS */;
INSERT INTO `user` VALUES (1,'theatre0@theater.com','[\"ROLE_THEATER\"]','$argon2i$v=19$m=1024,t=2,p=2$Y283VW04RGhqbmtHbnNnZQ$er3MhoZ3niPjLHLhc7KE+r+9u/JDlz6wOx7fKBJeCcg'),(2,'theatre1@theater.com','[\"ROLE_THEATER\"]','$argon2i$v=19$m=1024,t=2,p=2$RTdVRFhHTmllQ05CRlJQQg$2uPoXHO6R6w24px6Sqc6gILruJBF7gAqIUbuNKVnFh0'),(3,'theatre2@theater.com','[\"ROLE_THEATER\"]','$argon2i$v=19$m=1024,t=2,p=2$Y0FxUzg3QVouRklLVkFiag$80fDbrbH5mD4uW1HgYp5sqdgmVO/Vj0+2H06KMMupz8'),(4,'theatre3@theater.com','[\"ROLE_THEATER\"]','$argon2i$v=19$m=1024,t=2,p=2$eTVMM2RUb2syY0dkQkc5aw$xwd8d+MAxqhZ2AZ4mXFxa5BUBksoVgojzj81OqPQRcQ'),(5,'theatre4@theater.com','[\"ROLE_THEATER\"]','$argon2i$v=19$m=1024,t=2,p=2$S2xMcUhCdUxmeWNSQVdkTw$x3P3X6tmvE/sWvpX9GYy3lLKWgVrOflACfdKbzj2cyQ'),(6,'theatre5@theater.com','[\"ROLE_THEATER\"]','$argon2i$v=19$m=1024,t=2,p=2$NGRwMXRnU01rN2dteTh5TA$TKQRQPmRKruSEIYrBZrlyCup0gqWtccwBVH4coSTxzs'),(7,'theatre6@theater.com','[\"ROLE_THEATER\"]','$argon2i$v=19$m=1024,t=2,p=2$bDBvZ0hSV3dlaUQ5WG12Uw$JRIWBZ6xWoNb1LQnk0atWl874i663dWfiBL7Axqx30M'),(8,'theatre7@theater.com','[\"ROLE_THEATER\"]','$argon2i$v=19$m=1024,t=2,p=2$SWJjQllTMW02OTNuQlJObw$ojqaBNW6XeJaqOl6EFDxsbEpjHNZg29i/dy3vaRHfbw'),(9,'theatre8@theater.com','[\"ROLE_THEATER\"]','$argon2i$v=19$m=1024,t=2,p=2$YWdpeGNmQ0ljaTVzNTRhbw$mJc3PyiL/Id1b9G1nYYZFbCdiL+BBrH9TSXI1NX2Uzs'),(10,'theatre9@theater.com','[\"ROLE_THEATER\"]','$argon2i$v=19$m=1024,t=2,p=2$Znk0RWdHdkxOcTlMdHE4aA$KDlnd+X1YhzrSvO8KZDW8HXg2ggq4yPAd0BVkQ6pzoQ'),(11,'theatre10@theater.com','[\"ROLE_THEATER\"]','$argon2i$v=19$m=1024,t=2,p=2$SE9mMU5pTTlUc3BpTk11cw$euwWPFZfaSukwBt0xSQasBG3j+a3J/r1UaET0sCKhaA'),(12,'theatre11@theater.com','[\"ROLE_THEATER\"]','$argon2i$v=19$m=1024,t=2,p=2$MWg4Q05NbTNLN0F5N0hWdw$yMAIaAiKs+BPpXig1KHFBcCfrqzT0bUn6GVmt9EdxxQ'),(13,'theatre12@theater.com','[\"ROLE_THEATER\"]','$argon2i$v=19$m=1024,t=2,p=2$d2xyNDY1d0tvY3FocE9Fcw$cqG1szA32EX7XS6FhfTd2t2oYi5Veq/Jinahl3148VY'),(14,'theatre13@theater.com','[\"ROLE_THEATER\"]','$argon2i$v=19$m=1024,t=2,p=2$ZElub2s0ajZmbFE3M1NPbQ$rAfekAXoR/m6PLsMnutl6aUKdxrDSmfV+MI7xJx7dxc'),(15,'theatre14@theater.com','[\"ROLE_THEATER\"]','$argon2i$v=19$m=1024,t=2,p=2$YkxnWDhkeWxoOW0uaGdJSA$Xoa1KUC2Z9FfHOpzgy9yzNvarYLWfK0c+QEz0fZZtsE'),(16,'theatre15@theater.com','[\"ROLE_THEATER\"]','$argon2i$v=19$m=1024,t=2,p=2$SXBWSXloLmg4eDB0TDUxag$g/ALMO0nuibmFQhA4ZvIqj1KhuEL2mY9k15bFFsd/Ww'),(17,'theatre16@theater.com','[\"ROLE_THEATER\"]','$argon2i$v=19$m=1024,t=2,p=2$b0ZIUlQwVUdTeEFuMVAydA$w6fEYAg0wnO8qYSleWTEk/23RfnidYYVFv5ahdJkE58'),(18,'theatre17@theater.com','[\"ROLE_THEATER\"]','$argon2i$v=19$m=1024,t=2,p=2$NkVoODhUekZxRy5Zd09SSA$nSWpuq3itLdMyJoKSAx9QfC5HWiIpUdEAPfwJxi/Wwo'),(19,'theatre18@theater.com','[\"ROLE_THEATER\"]','$argon2i$v=19$m=1024,t=2,p=2$dzUyelowQkJ0RXJjbVBURg$THC1oItSAvmXzotWqscNMgw+ZQW3PMGovuda9eLqZJA'),(20,'theatre19@theater.com','[\"ROLE_THEATER\"]','$argon2i$v=19$m=1024,t=2,p=2$Z0ZoMW9PcUtRNlg0UGhiaQ$ab4j1/0f7vjHE9n3OlcFyYBy8sL/CzLuANLIqlBZVA4'),(21,'theatre20@theater.com','[\"ROLE_THEATER\"]','$argon2i$v=19$m=1024,t=2,p=2$MEhmbHVzNEluWGlXc1llcw$ZJPKRvMVu+EdL0WBZzs61mvtcLlNKTi+9WzY2jc0ggk'),(22,'theatre21@theater.com','[\"ROLE_THEATER\"]','$argon2i$v=19$m=1024,t=2,p=2$b3AuYkJzMmJvbXJ3NFhaSQ$vNGwMnSjDtFAmVQRMRC5XYIVJdA44rm9uyd1syyweYE'),(23,'theatre22@theater.com','[\"ROLE_THEATER\"]','$argon2i$v=19$m=1024,t=2,p=2$cEhBOEZsUTBiOUxwV1pkZQ$J7QHXImKaFsE/GN+xxlETJllaiITR9lt2qaaTP5i+jQ'),(24,'theatre23@theater.com','[\"ROLE_THEATER\"]','$argon2i$v=19$m=1024,t=2,p=2$Q1RZaEYuNXZyTmtFMzExbQ$m0WVwozlaG8cNOW4F3c5xbmVZgfDc821TWpWn0mX5fc'),(25,'theatre24@theater.com','[\"ROLE_THEATER\"]','$argon2i$v=19$m=1024,t=2,p=2$aHBMNlVRYVM2TzVEbE4vcg$jyYynjEvie8X7ExAS+k7Tdy00zhWnjAHET0kcu5hvyc'),(26,'theatre25@theater.com','[\"ROLE_THEATER\"]','$argon2i$v=19$m=1024,t=2,p=2$aXlWUkFJUlN3NUwuYUJBaA$+TLwpl5paI8EH4PXFXwYbAVPaTzAjitaAvOHu5DmnzI'),(27,'theatre26@theater.com','[\"ROLE_THEATER\"]','$argon2i$v=19$m=1024,t=2,p=2$WHdsakxUWi5XdS9XR05Pdw$36KllpQU5tt8UvvHBJs3bB7iNzIU9eFzo/ziP1K+now'),(28,'theatre27@theater.com','[\"ROLE_THEATER\"]','$argon2i$v=19$m=1024,t=2,p=2$bEFOT1cvZ3Q4VWdYRDNZWQ$74lJbFqEUdXH8JiTevQVQXWiQ8/ea63pWwRp5jT0uac'),(29,'theatre28@theater.com','[\"ROLE_THEATER\"]','$argon2i$v=19$m=1024,t=2,p=2$OEc5dGplQjJ6MEYyd2toQw$AFNVsJ0I4w2bPDjdU2B8DxVz+i9caefn0JkDDsXhD5s'),(30,'theatre29@theater.com','[\"ROLE_THEATER\"]','$argon2i$v=19$m=1024,t=2,p=2$UFI0NXFlQjRBTmdYdk5mcQ$OqwaoWR7YpV8LV4mlHbIf033oh86/dnnKspCL+TOI1I'),(31,'theatre30@theater.com','[\"ROLE_THEATER\"]','$argon2i$v=19$m=1024,t=2,p=2$YXlVWEY3d0hyNDlLU1BQRA$OOLWYnJPhiSSpN2yIJououU+EjxjkkP+xvDxi3vvKHM'),(32,'theatre31@theater.com','[\"ROLE_THEATER\"]','$argon2i$v=19$m=1024,t=2,p=2$Z3Eub2Z2aExUYjJ4T2NLRw$m1M04wBnUP+iP26X67z+npxlk6aPiHndQUULGJPmtj8'),(33,'theatre32@theater.com','[\"ROLE_THEATER\"]','$argon2i$v=19$m=1024,t=2,p=2$ZEE3Qld3UGhGQ2NaekFXTw$q/Vs2qbwAjhFrYTRMl6KuDrIgviRYTgbqtf4VzMdWBc'),(34,'theatre33@theater.com','[\"ROLE_THEATER\"]','$argon2i$v=19$m=1024,t=2,p=2$dUM1VVBrVWJ6bTI0YlhsWA$wMbwqZKnICc2gaEETFj9p3qSSeOslsLncMiQuyESoMs'),(35,'theatre34@theater.com','[\"ROLE_THEATER\"]','$argon2i$v=19$m=1024,t=2,p=2$cUdSTmxPZWg2ZUE1WHF0Rw$dc7izJ81tbBgMVVH38lHbftFj/0mubxr+BwV7dn7yxM'),(36,'theatre35@theater.com','[\"ROLE_THEATER\"]','$argon2i$v=19$m=1024,t=2,p=2$LmlTdHVrWlpKRFdOaWxLdA$S1l7YxeUbSvxy8faxhWl6Qe5SvS1/luNzxJ6URCNQ1U'),(37,'theatre36@theater.com','[\"ROLE_THEATER\"]','$argon2i$v=19$m=1024,t=2,p=2$WjYwMFppWGtBZFc0Q3pNaA$nWNy/GdkT7IhvfTiALis+CP1tk4+uFzpPkLHPTW9KVA'),(38,'theatre37@theater.com','[\"ROLE_THEATER\"]','$argon2i$v=19$m=1024,t=2,p=2$Y1FEeVZGYVFqZ2RwR2taeQ$AXdBHlohS0QErZK5yVrOSfCv/eC/urbQ2Xk43QMUoOk'),(39,'theatre38@theater.com','[\"ROLE_THEATER\"]','$argon2i$v=19$m=1024,t=2,p=2$TloxeFY0VEJaWU50Tmc2cA$Sc8b5toGtA2rbZC5D79RiqkprjNFsj0a9AJ4+zA/sbI'),(40,'theatre39@theater.com','[\"ROLE_THEATER\"]','$argon2i$v=19$m=1024,t=2,p=2$cUpaUmYyV29kZkd2WWx1dw$p2xQGQQlAI9rEnpdJNZUy3aywfYALJWcyDdw2BJpfg8'),(41,'admin@balise.com','[\"ROLE_ADMIN\"]','$argon2i$v=19$m=1024,t=2,p=2$bno2MnlzNzVCQXZkLnJuZQ$r8T35LP5LDGtuNxC6WUgigVByFMVulkbUgOWOgAngYE'),(43,'testjam@toto.com','[\"ROLE_THEATER\"]','$argon2i$v=19$m=1024,t=2,p=2$N1FDZjI2bWkuVGVlMWU1eQ$oJVFH1yQObPv+MgVkFQVPWtH22JGKjrohEycO58kKbA');
/*!40000 ALTER TABLE `user` ENABLE KEYS */;
UNLOCK TABLES;
/*!40103 SET TIME_ZONE=@OLD_TIME_ZONE */;

/*!40101 SET SQL_MODE=@OLD_SQL_MODE */;
/*!40014 SET FOREIGN_KEY_CHECKS=@OLD_FOREIGN_KEY_CHECKS */;
/*!40014 SET UNIQUE_CHECKS=@OLD_UNIQUE_CHECKS */;
/*!40101 SET CHARACTER_SET_CLIENT=@OLD_CHARACTER_SET_CLIENT */;
/*!40101 SET CHARACTER_SET_RESULTS=@OLD_CHARACTER_SET_RESULTS */;
/*!40101 SET COLLATION_CONNECTION=@OLD_COLLATION_CONNECTION */;
/*!40111 SET SQL_NOTES=@OLD_SQL_NOTES */;

-- Dump completed on 2019-06-27 10:56:06
